"date","요일","가격","당근거래량","당근_강수량_지속영향_size10","군산대_s4"
"2016.1.4","월요일",794,558950.2,NA,0.068627451
"2016.1.5","화요일",763,444353.7,NA,0.21641791
"2016.1.6","수요일",787,396170.4,NA,0.112676056
"2016.1.7","목요일",770,241115,NA,0.0808080808
"2016.1.8","금요일",705,359789,NA,0.120253165
"2016.1.9","토요일",728,252760,NA,0.138297872
"2016.1.11","월요일",750,466766,NA,0.05
"2016.1.12","화요일",735,396646.5,NA,0.0987654321
"2016.1.13","수요일",706,314062,NA,0.0843373494
"2016.1.14","목요일",692,349016,0.044367713,0.0923076923
"2016.1.15","금요일",748,296235.8,0.555973094,0.139784946
"2016.1.16","토요일",733,256431.8,0.050179372,0.0285714286
"2016.1.18","월요일",875,478153.6,0.152026906,0.129032258
"2016.1.19","화요일",809,179968,0.366089686,0.103626943
"2016.1.20","수요일",805,306456.5,0.358304933,0.134408602
"2016.1.21","목요일",829,206349,0.406313901,0.0571428571
"2016.1.22","금요일",840,199165.7,0.374618834,0.0903954802
"2016.1.23","토요일",778,269055.6,0.93470852,0.0666666667
"2016.1.25","월요일",813,448616,1.002878924,0.0672268908
"2016.1.26","화요일",808,258761,1.008950673,0.0967741935
"2016.1.27","수요일",847,229203,0.898475336,0.124031008
"2016.1.28","목요일",831,313315,4.09993722,0.0606060606
"2016.1.29","금요일",877,421575,7.834376682,0.102362205
"2016.1.30","토요일",873,246168,7.971748879,0.0689655172
"2016.2.1","월요일",889,442818,8.043273543,0.101604278
"2016.2.2","화요일",873,443468.6,7.463390135,0.202898551
"2016.2.3","수요일",846,548153.8,7.89496861,0.112149533
"2016.2.4","목요일",815,541741,7.454008969,0.0855855856
"2016.2.5","금요일",821,378645,7.363461883,0.0833333333
"2016.2.6","토요일",842,105463,4.313318386,0.0303030303
"2016.2.10","수요일",0,0,3.971434978,0.037037037
"2016.2.11","목요일",878,153606,3.934825112,0.0648148148
"2016.2.12","금요일",838,428900.7,8.362744395,0.0727272727
"2016.2.13","토요일",815,275214,11.62515695,0.0625
"2016.2.15","월요일",821,368124,11.69254709,0.064516129
"2016.2.16","화요일",827,319259.6,11.73100448,0.03125
"2016.2.17","수요일",891,272753,11.73204484,0.131195335
"2016.2.18","목요일",834,310835,11.49392825,0.15034965
"2016.2.19","금요일",798,363802.6,11.98889686,0
"2016.2.20","토요일",786,290680,11.75530942,0
"2016.2.22","월요일",793,415940,4.579955157,0.117437722
"2016.2.23","화요일",804,408184.8,8.708412556,0.0827586207
"2016.2.24","수요일",809,331893,4.674071749,0.12987013
"2016.2.25","목요일",785,321426.4,1.099022422,0.134920635
"2016.2.26","금요일",796,411365,1.083587444,0.0708661417
"2016.2.27","토요일",774,301911.5,1.133219731,0.112359551
"2016.2.29","월요일",833,533986.4,0.959273543,0.0631067961
"2016.3.1","화요일",760,469619,1.139686099,0.0804597701
"2016.3.2","수요일",810,387317,0.422852018,0.101694915
"2016.3.3","목요일",859,289554,0.983112108,0.0736842105
"2016.3.4","금요일",827,341462,2.226941704,0.0697674419
"2016.3.5","토요일",808,226038,10.35180269,0.0760869565
"2016.3.7","월요일",837,337159.6,10.18093274,0.0775193798
"2016.3.8","화요일",847,280942.6,11.55778475,0.116104869
"2016.3.9","수요일",820,321742,13.83981166,0.0555555556
"2016.3.10","목요일",830,396837.4,13.793713,0.114754098
"2016.3.11","금요일",843,269019,13.75007175,0.0689655172
"2016.3.12","토요일",799,287883.6,13.6049417,0
"2016.3.14","월요일",791,490677.9,11.95162332,0.0883838384
"2016.3.15","화요일",804,291982,5.576008969,0.0891472868
"2016.3.16","수요일",814,296773.8,11.80649327,0.0923076923
"2016.3.17","목요일",893,417429,2.369156951,0.0674157303
"2016.3.18","금요일",836,286398,4.020457399,0.0753768844
"2016.3.19","토요일",791,197580,4.814860987,0.0606060606
"2016.3.21","월요일",873,446667,2.575130045,0.0971428571
"2016.3.22","화요일",812,365601,2.557668161,0.0947368421
"2016.3.23","수요일",881,345738,2.72341704,0.178217822
"2016.3.24","목요일",848,372547.2,2.798869955,0.0769230769
"2016.3.25","금요일",818,389560,2.807130045,0.0769230769
"2016.3.26","토요일",791,258302.4,2.944502242,0
"2016.3.28","월요일",864,482186.8,0.547049327,0.153846154
"2016.3.29","화요일",847,413638,2.964780269,0.129032258
"2016.3.30","수요일",835,280977,0.50161435,0.12962963
"2016.3.31","목요일",981,453004.6,0.50967713,0.0357142857
"2016.4.1","금요일",891,287265,0.315139013,0.115151515
"2016.4.2","토요일",932,133362,0.463013453,0.0357142857
"2016.4.4","월요일",961,355196,0.848565022,0.119496855
"2016.4.5","화요일",952,264123,0.635865471,0.0666666667
"2016.4.6","수요일",1020,247067,4.213928251,0.0846153846
"2016.4.7","목요일",995,329323,9.044206278,0.0769230769
"2016.4.8","금요일",963,309166,9.064484305,0.104972376
"2016.4.9","토요일",1005,147050,9.036394619,0.0483870968
"2016.4.11","월요일",994,368780.9,9.085139013,0.0928571429
"2016.4.12","화요일",980,353493,9.198627803,0.0888888889
"2016.4.13","수요일",990,306353,12.48827803,0.15625
"2016.4.14","목요일",870,389428,13.05875336,0.142857143
"2016.4.15","금요일",971,275678,9.076251121,0.12173913
"2016.4.16","토요일",976,211720,14.20007175,0
"2016.4.18","월요일",1019,494703,16.17649327,0.107438017
"2016.4.19","화요일",950,289780.6,11.12835874,0.0858895706
"2016.4.20","수요일",906,385572,11.28904036,0.0916666667
"2016.4.21","목요일",958,319783,16.36669058,0.11023622
"2016.4.22","금요일",903,317654,12.58743498,0.102362205
"2016.4.23","토요일",860,131171,16.51145291,0.0923076923
"2016.4.25","월요일",897,473574.7,12.65132735,0
"2016.4.26","화요일",962,394375,6.357282511,0.0970873786
"2016.4.27","수요일",1028,286710,16.70293274,0.0653594771
"2016.4.28","목요일",1061,315470.5,11.0252287,0.111111111
"2016.4.29","금요일",995,304483,10.51506726,0.1
"2016.4.30","토요일",1149,154747,5.551650224,0.117647059
"2016.5.2","월요일",1141,436273.9,11.7064574,0.08
"2016.5.3","화요일",1202,423599,13.71621525,0.0895522388
"2016.5.4","수요일",1049,330840,13.96121973,0.132653061
"2016.5.5","목요일",1144,355930.6,13.85183857,0
"2016.5.6","금요일",1172,300925,11.83665471,0.133333333
"2016.5.7","토요일",1070,122522.7,14.52160538,0
"2016.5.9","월요일",1154,404960,11.47379372,0.121323529
"2016.5.10","화요일",1132,442406.9,16.4846009,0.106870229
"2016.5.11","수요일",1048,377049.3,15.38533632,0.0901639344
"2016.5.12","목요일",1032,376584,9.228511211,0.0322580645
"2016.5.13","금요일",1116,319013.6,15.33767713,0.141221374
"2016.5.14","토요일",1082,133104,7.495811659,0.109375
"2016.5.16","월요일",1051,417853,8.264295964,0.137614679
"2016.5.17","화요일",1145,388305.5,9.14529148,0.125
"2016.5.18","수요일",1084,366768,7.588313901,0.105990783
"2016.5.19","목요일",1052,316167,1.96735426,0.0775862069
"2016.5.20","금요일",1098,190895,7.470430493,0.109375
"2016.5.21","토요일",1107,128307,1.838825112,0
"2016.5.23","월요일",1086,418744.5,1.709165919,0.103658537
"2016.5.24","화요일",1114,392324,5.704107623,0.0821529745
"2016.5.25","수요일",1082,349025,3.983165919,0.106965174
"2016.5.26","목요일",1033,394876.8,5.768798206,0.0636363636
"2016.5.27","금요일",1131,321866,4.56032287,0.0880829016
"2016.5.28","토요일",1192,141554,5.583336323,0
"2016.5.30","월요일",1155,381608,5.583336323,0.0573770492
"2016.5.31","화요일",1234,364828.6,5.583336323,0.132075472
"2016.6.1","수요일",1092,393522,5.583210762,0.0893617021
"2016.6.2","목요일",1161,381299,1.608932735,0.103174603
"2016.6.3","금요일",1177,341157,5.600484305,0.0761904762
"2016.6.4","토요일",1091,137934,3.052762332,0
"2016.6.6","월요일",1097,388864.1,3.120143498,0.0810810811
"2016.6.7","화요일",1081,333897,2.538331839,0.0869565217
"2016.6.8","수요일",1059,312589,3.501479821,0.138728324
"2016.6.9","목요일",1094,303822,2.478466368,0.104575163
"2016.6.10","금요일",1034,402739,2.478466368,0.103174603
"2016.6.11","토요일",981,122842.5,2.651748879,0.0849673203
"2016.6.13","월요일",1026,433930,2.71490583,0.107692308
"2016.6.14","화요일",1051,355970.2,1.329488789,0.147727273
"2016.6.15","수요일",1019,345027.4,3.065040359,0.141791045
"2016.6.16","목요일",1012,272254.8,2.327443946,0.0549450549
"2016.6.17","금요일",1028,463544,1.412618834,0.118644068
"2016.6.18","토요일",933,153258.5,2.621273543,0
"2016.6.20","월요일",970,504717,4.856125561,0.0869565217
"2016.6.21","화요일",954,368226,5.302520179,0
"2016.6.22","수요일",955,326915,13.15623318,0.108333333
"2016.6.23","목요일",925,295011,12.94173094,0
"2016.6.24","금요일",905,427092,16.34113004,0.113636364
"2016.6.25","토요일",876,162118,16.63808072,0.0967741935
"2016.6.27","월요일",946,379890.5,17.28118386,0.122807018
"2016.6.28","화요일",916,281601,17.56584753,0.0879120879
"2016.6.29","수요일",923,322106,19.3049148,0.0909090909
"2016.6.30","목요일",988,471731,21.10457399,0.085106383
"2016.7.1","금요일",897,338636,21.17627803,0.1328125
"2016.7.2","토요일",904,144986,32.20620628,0.105263158
"2016.7.4","월요일",926,369048.5,27.24749776,0.0865384615
"2016.7.5","화요일",925,249958,41.31590135,0.096
"2016.7.6","수요일",829,329365,39.34468161,0.0833333333
"2016.7.7","목요일",886,352308,39.24234081,0.0981132075
"2016.7.8","금요일",877,356340,35.97160538,0.0886075949
"2016.7.9","토요일",765,126690,37.71131839,0.0740740741
"2016.7.11","월요일",882,359479,26.52223318,0.087431694
"2016.7.12","화요일",840,328878,38.6550852,0.1
"2016.7.13","수요일",803,278100,27.81464574,0.094972067
"2016.7.14","목요일",774,270316,21.5935157,0.0594594595
"2016.7.15","금요일",837,310623.5,21.77199103,0.0967741935
"2016.7.16","토요일",708,71094,20.56088789,0.0625
"2016.7.18","월요일",940,465032,17.56104036,0.138461538
"2016.7.19","화요일",824,369879,17.40176682,0.082278481
"2016.7.20","수요일",827,339310,15.62709417,0.072
"2016.7.21","목요일",789,322440,10.59520179,0.129032258
"2016.7.22","금요일",742,192955,13.74458296,0.0659340659
"2016.7.23","토요일",691,127550,8.413865471,0
"2016.7.25","월요일",812,313694,9.049479821,0.0984615385
"2016.7.26","화요일",839,369564,2.387650224,0.08125
"2016.7.27","수요일",852,242537,8.318026906,0.147286822
"2016.7.28","목요일",859,207206,2.621040359,0.0888888889
"2016.7.29","금요일",1064,301490,3.078995516,0.0576923077
"2016.7.30","토요일",859,119895,4.413829596,0
"2016.8.1","월요일",1132,348515,5.36767713,0.09375
"2016.8.2","화요일",1009,416694,5.464502242,0.0357142857
"2016.8.3","수요일",968,214914,4.778493274,0
"2016.8.4","목요일",1022,363456,10.15752466,0.0909090909
"2016.8.5","금요일",860,216319,9.084511211,0.130232558
"2016.8.6","토요일",926,38140,9.539121076,0.0725806452
"2016.8.8","월요일",1060,415891,10.17590135,0.0655737705
"2016.8.9","화요일",907,327746,9.198188341,0.106666667
"2016.8.10","수요일",1043,270187,9.063381166,0.0588235294
"2016.8.11","목요일",813,244264,8.077004484,0.179487179
"2016.8.12","금요일",950,228217,7.339488789,0.0909090909
"2016.8.13","토요일",777,82310,2.733982063,0.0322580645
"2016.8.15","월요일",966,257856,6.606511211,0.1
"2016.8.16","화요일",974,226371,2.996986547,0.0825242718
"2016.8.17","수요일",1281,346890,1.861192825,0.103225806
"2016.8.18","목요일",1020,346855,2.399820628,0.127071823
"2016.8.19","금요일",1258,323862,1.603730942,0.0874125874
"2016.8.20","토요일",761,97631,1.575121076,0.0967741935
"2016.8.22","월요일",1125,354240,1.97935426,0.102608696
"2016.8.23","화요일",1132,322227,2.107426009,0.084398977
"2016.8.24","수요일",1012,313182,1.559704036,0.129824561
"2016.8.25","목요일",956,256635,2.238376682,0.102167183
"2016.8.26","금요일",1097,226429,4.951748879,0
"2016.8.27","토요일",857,167434,5.239067265,0.0967741935
"2016.8.29","월요일",1085,372458.1,5.965587444,0.138755981
"2016.8.30","화요일",1105,393391.4,6.439318386,0.114649682
"2016.8.31","수요일",1199,414052,6.297668161,0.092039801
"2016.9.1","목요일",1117,381274,8.20890583,0.106870229
"2016.9.2","금요일",924,320914.5,15.83117489,0.115702479
"2016.9.3","토요일",770,163440,19.85234081,0.094017094
"2016.9.5","월요일",1147,449220,18.41118386,0.12568306
"2016.9.6","화요일",1021,423700,19.4150852,0.111888112
"2016.9.7","수요일",1060,408010,17.0092287,0.112149533
"2016.9.8","목요일",935,326637,17.49109417,0.138801262
"2016.9.9","금요일",983,362872,16.59015247,0.0945945946
"2016.9.10","토요일",925,273597,16.08241256,0
"2016.9.12","월요일",1130,456213,12.21418834,0.100558659
"2016.9.13","화요일",1203,473407,13.54755157,0.140718563
"2016.9.14","수요일",697,39140,10.18989238,0.102362205
"2016.9.17","토요일",844,1055,18.50683408,0
"2016.9.19","월요일",1158,379325,18.78549776,0.125214408
"2016.9.20","화요일",1012,398158,18.75833184,0.0918367347
"2016.9.21","수요일",1014,412733,18.2764843,0.11352657
"2016.9.22","목요일",1064,395837,17.55973991,0.0960264901
"2016.9.23","금요일",1047,310729,14.91773991,0.106097561
"2016.9.24","토요일",1016,134845,17.03921076,0.106666667
"2016.9.26","월요일",1044,432992,14.6883139,0.1108742
"2016.9.27","화요일",1074,437962,2.80026009,0.143603133
"2016.9.28","수요일",1110,326386,21.27747982,0.0863697706
"2016.9.29","목요일",929,241372,11.31350673,0.10460251
"2016.9.30","금요일",1064,344145,12.94880717,0.0924528302
"2016.10.1","토요일",957,141819,13.72839462,0.131410256
"2016.10.3","월요일",1191,312917,15.72234081,0.125
"2016.10.4","화요일",1151,370728,17.22545291,0.142857143
"2016.10.5","수요일",1150,327120,42.79969507,0.12642369
"2016.10.6","목요일",1210,265946,42.55470852,0.0899122807
"2016.10.7","금요일",1230,366046,36.83177578,0.104651163
"2016.10.8","토요일",1321,215762,45.8153722,0.0964912281
"2016.10.10","월요일",1224,408806,37.74883408,0.0917431193
"2016.10.11","화요일",1328,405190,38.07027803,0.103746398
"2016.10.12","수요일",1398,289908,34.16395516,0.103703704
"2016.10.13","목요일",1308,294765,33.68796413,0.126984127
"2016.10.14","금요일",1149,328120.5,7.130896861,0.0858085809
"2016.10.15","토요일",921,143167,31.7333991,0.0843373494
"2016.10.17","월요일",1371,435863,4.669309417,0.129464286
"2016.10.18","화요일",1113,243179,0.948376682,0.102902375
"2016.10.19","수요일",1232,272640,4.660672646,0.079787234
"2016.10.20","목요일",1299,345476.6,0.073659193,0.128019324
"2016.10.21","금요일",1220,270874,2.155040359,0.0872210953
"2016.10.22","토요일",1058,126995,4.111004484,0
"2016.10.24","월요일",1259,387177,4.106026906,0.0784313725
"2016.10.25","화요일",1115,350580,5.931623318,0.0922330097
"2016.10.26","수요일",1167,211855,6.560699552,0.0829694323
"2016.10.27","목요일",1076,266681,6.574412556,0.124293785
"2016.10.28","금요일",1188,254225,9.232466368,0.12890625
"2016.10.29","토요일",1003,78705,9.548816143,0.133333333
"2016.10.31","월요일",1392,290430,7.539730942,0.093495935
"2016.11.1","화요일",1365,353575,7.639237668,0.136363636
"2016.11.2","수요일",1239,338766,7.502278027,0.0877742947
"2016.11.3","목요일",1294,301537,3.74006278,0.124168514
"2016.11.4","금요일",1301,289345,4.919721973,0.112903226
"2016.11.5","토요일",1347,161688,3.825139013,0.0808080808
"2016.11.7","월요일",1516,318975,0.734134529,0.165366615
"2016.11.8","화요일",1455,393580,3.543300448,0.0861344538
"2016.11.9","수요일",1606,302152,1.211103139,0.0836820084
"2016.11.10","목요일",1540,300516,1.837811659,0.104790419
"2016.11.11","금요일",1583,307893,1.859461883,0.105413105
"2016.11.12","토요일",1246,122991,1.847408072,0.107142857
"2016.11.14","월요일",1481,384230,2.890798206,0
"2016.11.15","화요일",1639,294800,2.780107623,0.136239782
"2016.11.16","수요일",1502,322535,2.676125561,0.148288973
"2016.11.17","목요일",1802,282616,2.250484305,0.129032258
"2016.11.18","금요일",1429,296663,4.364251121,0.0722222222
"2016.11.19","토요일",1207,205806.5,3.164493274,0.142857143
"2016.11.21","월요일",1488,348247.9,4.52555157,0.0965517241
"2016.11.22","화요일",1549,276449,3.945479821,0.0965909091
"2016.11.23","수요일",1371,276243,2.863713004,0.0771276596
"2016.11.24","목요일",1507,251326,3.903112108,0.09
"2016.11.25","금요일",1504,217281,2.871775785,0.0511627907
"2016.11.26","토요일",1264,106948,4.168699552,0.0322580645
"2016.11.28","월요일",1641,332841,2.382690583,0.133126935
"2016.11.29","화요일",1647,269256,3.919067265,0.0344827586
"2016.11.30","수요일",2000,278898,2.392852018,0.110638298
"2016.12.1","목요일",1619,360020,2.271605381,0.100323625
"2016.12.2","금요일",1537,268023,2.100313901,0.121212121
"2016.12.3","토요일",1526,147828,1.793704036,0
"2016.12.5","월요일",1754,280384,1.805147982,0.0333333333
"2016.12.6","화요일",1705,305371,0.500161435,0.151162791
"2016.12.7","수요일",1568,299134,1.798869955,0.147982063
"2016.12.8","목요일",1531,184581,0.517820628,0.110344828
"2016.12.9","금요일",1702,243614,0.246466368,0.0659340659
"2016.12.10","토요일",1315,102732,0.653318386,0.214285714
"2016.12.12","월요일",1563,266207.5,0.22064574,0.129032258
"2016.12.13","화요일",1625,323152,0.399434978,0.0566037736
"2016.12.14","수요일",1563,279000,1.144152466,0.118110236
"2016.12.15","목요일",1334,208525,1.201497758,0.0553633218
"2016.12.16","금요일",1646,251943,1.240170404,0.0931677019
"2016.12.17","토요일",1392,117500,1.191596413,0.15625
"2016.12.19","월요일",1911,332539,2.48638565,0.0916030534
"2016.12.20","화요일",2042,338281,2.595713004,0.122222222
"2016.12.21","수요일",1552,259597,7.703721973,0.09
"2016.12.22","목요일",1810,224381,11.21191031,0.12962963
"2016.12.23","금요일",1881,210814,10.67222422,0.0869565217
"2016.12.24","토요일",920,86892,11.20859193,0.24137931
"2016.12.26","월요일",2097,349326,14.23606278,0.0927152318
"2016.12.27","화요일",2064,336879,15.28990135,0.108695652
"2016.12.28","수요일",1929,311265,13.84756951,0.102564103
"2016.12.29","목요일",1838,227369,15.21840359,0.046875
"2016.12.30","금요일",1983,300322,8.596170404,0.0697674419
"2016.12.31","토요일",1131,62928,10.15027803,0.0638297872
"2017.1.2","월요일",1514,43820,8.584585267,0.0744680851
"2017.1.3","화요일",1748,517825,4.948800514,0.0793103448
"2017.1.4","수요일",1641,351601,1.098845357,0.0696202532
"2017.1.5","목요일",1809,378148,4.969935501,0.208955224
"2017.1.6","금요일",1840,361972,2.440359955,0.0927152318
"2017.1.7","토요일",1520,168596,2.611272863,0.0344827586
"2017.1.9","월요일",1704,359230,2.626971711,0.101449275
"2017.1.10","화요일",1685,362221,2.622025547,0.0873015873
"2017.1.11","수요일",1725,358695,2.568873228,0.0357142857
"2017.1.12","목요일",1704,373795,2.633759124,0.03125
"2017.1.13","금요일",1817,435817,2.592034672,0.169444444
"2017.1.14","토요일",1736,242050,1.48709854,0.174603175
"2017.1.16","월요일",1618,424897.5,2.35879562,0.119760479
"2017.1.17","화요일",1578,395226,0.272472628,0.0775862069
"2017.1.18","수요일",1588,378892.4,1.241441606,0.0725388601
"2017.1.19","목요일",1483,429200,0.03729927,0.0340909091
"2017.1.20","금요일",1434,448073,0.624333942,0.107843137
"2017.1.21","토요일",1404,257645.4,0.64379562,0.0540540541
"2017.1.23","월요일",1232,406086,0.64120438,0.106918239
"2017.1.24","화요일",1324,465273.5,0.642408759,0.133333333
"2017.1.25","수요일",1321,261638,0.630930657,0.120300752
"2017.1.26","목요일",1391,330082,0.631833942,0.0734463277
"2017.1.27","금요일",931,41310,0.731058394,0.0819672131
"2017.1.31","화요일",1117,27690,0.731058394,0.0960451977
"2017.2.1","수요일",1425,360223,0.132080292,0.0666666667
"2017.2.2","목요일",1647,510560,0.702518248,0.0894308943
"2017.2.3","금요일",1460,478208,0.130337591,0.104
"2017.2.4","토요일",1429,332948.6,0.991943431,0.137931034
"2017.2.6","월요일",1287,395404,0.99020073,0.0661577608
"2017.2.7","화요일",1180,317272,0.987627737,0.0960854093
"2017.2.8","수요일",1272,386070,0.900593066,0.0772532189
"2017.2.9","목요일",1240,364923,1.045100365,0.122807018
"2017.2.10","금요일",1251,286937,1.186131387,0.0990566038
"2017.2.11","토요일",973,140587,1.29165146,0.112068966
"2017.2.13","월요일",1230,252550,1.317408759,0.0721153846
"2017.2.14","화요일",1240,405466,0.431770073,0.101973684
"2017.2.15","수요일",1177,408779,1.320173358,0.0983606557
"2017.2.16","목요일",1099,442570,0.641514599,0.0714285714
"2017.2.17","금요일",1255,365914,0.862481752,0
"2017.2.18","토요일",1007,157585,0.824242701,0.0952380952
"2017.2.20","월요일",1092,499667.8,1.284945255,0.114906832
"2017.2.21","화요일",975,372542,1.371824818,0.0724637681
"2017.2.22","수요일",937,221734,7.039023723,0.0574712644
"2017.2.23","목요일",970,303347,6.95649635,0.0588235294
"2017.2.24","금요일",880,259396,6.93350365,0.0961538462
"2017.2.25","토요일",1014,264085,6.720994526,0.0625
"2017.2.27","월요일",1046,440053,6.716459854,0.0670731707
"2017.2.28","화요일",1208,445360,6.73729927,0
"2017.3.1","수요일",955,481099,6.230784672,0.0655737705
"2017.3.2","목요일",963,405120.7,7.225428832,0.105263158
"2017.3.3","금요일",987,358118,0.735018248,0.105263158
"2017.3.4","토요일",980,276938,6.562709854,0.14
"2017.3.6","월요일",1000,529867.9,0.798722628,0.0957446809
"2017.3.7","화요일",904,373489,0.83350365,0.0867346939
"2017.3.8","수요일",896,391453,0.835693431,0.0952380952
"2017.3.9","목요일",954,303597,0.851998175,0.0816326531
"2017.3.10","금요일",962,322179,0.448905109,0.0977443609
"2017.3.11","토요일",1038,282025,0.503768248,0.0757575758
"2017.3.13","월요일",971,494003,0.586715328,0.0967741935
"2017.3.14","화요일",924,450424,0.395374088,0.0869565217
"2017.3.15","수요일",892,270492,0.331669708,0.0895522388
"2017.3.16","목요일",949,405792,0.360593066,0
"2017.3.17","금요일",1148,468201,0.313175182,0.12
"2017.3.18","토요일",914,259070,0.296888686,0
"2017.3.20","월요일",900,408584,2.312436131,0
"2017.3.21","화요일",824,491772,2.697417883,0.0964912281
"2017.3.22","수요일",798,245230,2.559607664,0
"2017.3.23","목요일",906,190504,2.961259124,0.104477612
"2017.3.24","금요일",840,319873.5,2.964032847,0.142857143
"2017.3.25","토요일",987,148395,3.972144161,0.0957446809
"2017.3.27","월요일",846,409795,4.196304745,0.0505050505
"2017.3.28","화요일",812,288560,4.262125912,0.161290323
"2017.3.29","수요일",981,340415.5,2.639562044,0.117021277
"2017.3.30","목요일",1023,309724,4.288622263,0.0786026201
"2017.3.31","금요일",933,382557,4.115383212,0.0438596491
"2017.4.1","토요일",996,315475.2,3.926067518,0.0925925926
"2017.4.3","월요일",909,336778,4.330492701,0.103092784
"2017.4.4","화요일",873,396237,2.777372263,0.0357142857
"2017.4.5","수요일",904,312635.5,6.814124088,0.0740740741
"2017.4.6","목요일",872,317656,13.78531022,0.129032258
"2017.4.7","금요일",844,221837,13.2154927,0.142857143
"2017.4.8","토요일",974,126715,13.56286496,0
"2017.4.10","월요일",1349,470299.5,11.86123175,0.0866141732
"2017.4.11","화요일",1269,376931.2,14.92193431,0.15
"2017.4.12","수요일",1292,290731,14.04770985,0.0658682635
"2017.4.13","목요일",1206,344460.8,13.44761861,0.12605042
"2017.4.14","금요일",1159,389507,10.44138686,0.130081301
"2017.4.15","토요일",978,192685,5.628467153,0.125
"2017.4.17","월요일",1176,650855,15.18658759,0.151515152
"2017.4.18","화요일",1058,442140,7.610291971,0.125
"2017.4.19","수요일",868,327725,7.426341241,0.0666666667
"2017.4.20","목요일",968,454940,5.484644161,0.0975609756
"2017.4.21","금요일",875,316329,7.491478102,0.0505050505
"2017.4.22","토요일",922,158083,5.751304745,0.103448276
"2017.4.24","월요일",919,456140.5,5.643813869,0
"2017.4.25","화요일",828,451491,5.790018248,0.109375
"2017.4.26","수요일",856,390692,2.104425182,0.1015625
"2017.4.27","목요일",824,308452,6.389854015,0.107692308
"2017.4.28","금요일",823,419581,2.068020073,0.0853658537
"2017.4.29","토요일",741,94557,1.623239051,0
"2017.5.1","월요일",886,512363,1.673531022,0.0543478261
"2017.5.2","화요일",976,486429,1.179945255,0.0663716814
"2017.5.3","수요일",879,441889,1.614206204,0.0945945946
"2017.5.4","목요일",909,288975,1.78225365,0.0824742268
"2017.5.5","금요일",880,276858,1.720885036,0.0666666667
"2017.5.6","토요일",833,141098,2.737043796,0.105263158
"2017.5.8","월요일",960,364936,1.687326642,0.0655737705
"2017.5.9","화요일",956,513890,4.105228102,0.119047619
"2017.5.10","수요일",928,347676,4.32645073,0.0530821918
"2017.5.11","목요일",910,375763,4.397153285,0.0681818182
"2017.5.12","금요일",855,469849.5,6.724835766,0.135416667
"2017.5.13","토요일",839,165551,6.431021898,0.0757575758
"2017.5.15","월요일",967,582959,6.16419708,0.133333333
"2017.5.16","화요일",854,392982,6.433120438,0.164179104
"2017.5.17","수요일",960,461491,5.50915146,0.103448276
"2017.5.18","목요일",827,338073.5,3.132810219,0.116129032
"2017.5.19","금요일",857,338076,5.289434307,0.0952380952
"2017.5.20","토요일",758,144286,3.017536496,0.064516129
"2017.5.22","월요일",986,480795,0.542344891,0
"2017.5.23","화요일",886,389140.5,2.633987226,0.0546875
"2017.5.24","수요일",858,451813,1.240766423,0.0891719745
"2017.5.25","목요일",835,319595,0.844516423,0.122743682
"2017.5.26","금요일",896,373802,0.783266423,0.154285714
"2017.5.27","토요일",740,147000,0.855054745,0.0571428571
"2017.5.29","월요일",992,446454,0.781167883,0.0526315789
"2017.5.30","화요일",866,271103,0.781167883,0.117021277
"2017.5.31","수요일",1049,476932,0.873832117,0.0857142857
"2017.6.1","목요일",899,507218,1.14120438,0
"2017.6.2","금요일",911,289489,0.84274635,0.151260504
"2017.6.3","토요일",961,141586,1.187718978,0.0476190476
"2017.6.5","월요일",876,469021.5,0.636870438,0.0845070423
"2017.6.6","화요일",852,326826,7.976952555,0.113402062
"2017.6.7","수요일",931,348222.5,9.022956204,0.0934065934
"2017.6.8","목요일",948,313519,9.022956204,0.0666666667
"2017.6.9","금요일",942,360383,9.052874088,0.0731707317
"2017.6.10","토요일",898,190225,8.736624088,0.0563380282
"2017.6.12","월요일",946,471809.5,9.130520073,0.0695652174
"2017.6.13","화요일",918,442960,8.891313869,0.0485436893
"2017.6.14","수요일",882,371163,8.914762774,0.0700636943
"2017.6.15","목요일",893,297570,1.550237226,0.111111111
"2017.6.16","금요일",860,354003,7.823239051,0.109375
"2017.6.17","토요일",866,189274,1.550237226,0.0555555556
"2017.6.19","월요일",979,517668,0.371113139,0.0925925926
"2017.6.20","화요일",921,316603,2.559498175,0.0928143713
"2017.6.21","수요일",887,382877,2.578531022,0.0986394558
"2017.6.22","목요일",880,269527,2.208220803,0.110552764
"2017.6.23","금요일",968,323455,2.490173358,0.104693141
"2017.6.24","토요일",888,201450,2.919635036,0.0806451613
"2017.6.26","월요일",898,393530.5,4.473777372,0.11790393
"2017.6.27","화요일",853,359950,4.707974453,0.119521912
"2017.6.28","수요일",837,302024,4.874571168,0.130434783
"2017.6.29","목요일",834,269471,7.260228102,0.13740458
"2017.6.30","금요일",931,359852,9.399534672,0.0882352941
"2017.7.1","토요일",882,214372,7.579927007,0.0597014925
"2017.7.3","월요일",939,341529,10.94707117,0.12371134
"2017.7.4","화요일",861,312825.5,13.14212591,0.0967741935
"2017.7.5","수요일",919,275144,12.71149635,0
"2017.7.6","목요일",859,253064,14.21306569,0.0543735225
"2017.7.7","금요일",891,310204,13.26909672,0.0855614973
"2017.7.8","토요일",749,103061,11.43971715,0
"2017.7.10","월요일",943,462666,18.29449818,0.0833333333
"2017.7.11","화요일",867,333033,16.29350365,0.0597826087
"2017.7.12","수요일",878,264501.5,13.11689781,0.0833333333
"2017.7.13","목요일",890,332633,13.34993613,0.08
"2017.7.14","금요일",851,329162,13.29603102,0.0972222222
"2017.7.15","토요일",755,95271,11.61063869,0.0666666667
"2017.7.17","월요일",949,495917.5,12.01644161,0.08
"2017.7.18","화요일",840,269881.5,9.674635036,0.0966386555
"2017.7.19","수요일",818,292876,9.391414234,0.0696202532
"2017.7.20","목요일",818,323849,6.349051095,0.0776699029
"2017.7.21","금요일",846,316206,6.798184307,0.113402062
"2017.7.22","토요일",854,74942,4.99330292,0
"2017.7.24","월요일",850,421341,5.289571168,0.0526315789
"2017.7.25","화요일",860,363501,5.814981752,0
"2017.7.26","수요일",820,247169.5,6.295392336,0.0666666667
"2017.7.27","목요일",793,230072,4.295885036,0.123595506
"2017.7.28","금요일",789,290573,5.754899635,0.0894308943
"2017.7.29","토요일",824,99893,5.87544708,0.0769230769
"2017.7.31","월요일",941,474664,8.068576642,0.0990990991
"2017.8.1","화요일",796,538704,7.667463504,0.0833333333
"2017.8.2","수요일",792,241798,7.306277372,0.09375
"2017.8.3","목요일",800,296925.3,6.145547445,0.0727272727
"2017.8.4","금요일",789,173357,6.207992701,0.101694915
"2017.8.5","토요일",714,42280,5.073065693,0.08
"2017.8.7","월요일",772,337921.5,4.072618613,0.118055556
"2017.8.8","화요일",834,380767,7.055036496,0.172839506
"2017.8.9","수요일",787,254812,6.81830292,0.0613496933
"2017.8.10","목요일",796,341415.5,10.47813869,0.119298246
"2017.8.11","금요일",811,274058.5,10.19469891,0.0730337079
"2017.8.12","토요일",709,119782,9.850784672,0.0789473684
"2017.8.14","월요일",862,360173.5,20.60057482,0.120481928
"2017.8.15","화요일",831,319566,24.32541058,0.0568181818
"2017.8.16","수요일",845,298480,25.27135036,0.101449275
"2017.8.17","목요일",1000,493629.5,23.86531934,0.0967741935
"2017.8.18","금요일",802,370234,25.44105839,0.0833333333
"2017.8.19","토요일",745,113680,25.80679745,0.114285714
"2017.8.21","월요일",861,354620,28.35781934,0.0970873786
"2017.8.22","화요일",852,415052,28.4854927,0.0980392157
"2017.8.23","수요일",842,347726,17.20010949,0.131832797
"2017.8.24","목요일",832,323179,25.90153285,0.157232704
"2017.8.25","금요일",862,330576,18.17846715,0.113821138
"2017.8.26","토요일",859,138615,14.15745438,0.108910891
"2017.8.28","월요일",936,319475.5,13.60691606,0.0774647887
"2017.8.29","화요일",904,315266.5,10.58237226,0.0638297872
"2017.8.30","수요일",859,311977.5,8.441167883,0.107981221
"2017.8.31","목요일",1103,427000,8.149680657,0.137254902
"2017.9.1","금요일",953,374116,3.928622263,0.0963302752
"2017.9.2","토요일",975,100105,2.27669708,0.121212121
"2017.9.4","월요일",1110,394917,3.394863139,0.0805369128
"2017.9.5","화요일",994,419619.5,2.491788321,0.0923076923
"2017.9.6","수요일",1184,327419.5,4.440027372,0.111702128
"2017.9.7","목요일",1102,325785.5,7.411624088,0.078358209
"2017.9.8","금요일",1071,310698,6.864470803,0.106870229
"2017.9.9","토요일",963,197157,6.72189781,0
"2017.9.11","월요일",1113,358442,16.10347628,0.139830508
"2017.9.12","화요일",1056,346291,16.10557482,0.0733333333
"2017.9.13","수요일",1007,323702.5,15.35413321,0.161490683
"2017.9.14","목요일",1160,291100,15.56005474,0.115591398
"2017.9.15","금요일",1221,407106.5,12.55408759,0.0909090909
"2017.9.16","토요일",1270,203392,12.43248175,0.0898876404
"2017.9.18","월요일",1750,430022.5,11.9534854,0.108695652
"2017.9.19","화요일",1488,474664.5,10.18880474,0.111731844
"2017.9.20","수요일",1380,472696,0.850410584,0.085106383
"2017.9.21","목요일",1305,365330,10.23555657,0.108614232
"2017.9.22","금요일",1301,470154,0.850410584,0.0997375328
"2017.9.23","토요일",1232,204484,0.756094891,0.0952380952
"2017.9.25","월요일",1396,474247.5,0.840720803,0.144104803
"2017.9.26","화요일",1316,436995,2.142217153,0.113879004
"2017.9.27","수요일",1284,417281,5.006031022,0.126530612
"2017.9.28","목요일",1033,413751,4.354178832,0.151515152
"2017.9.29","금요일",1109,425121,4.968658759,0.0954063604
"2017.9.30","토요일",1432,253311,4.354178832,0.068627451
"2017.10.2","월요일",1562,393196,12.5152281,0.155844156
"2017.10.3","화요일",1233,130942,12.71364964,0.111111111
"2017.10.7","토요일",916,49721,12.75020985,0.240740741
"2017.10.9","월요일",1418,388756,11.32609489,0.127118644
"2017.10.10","화요일",1388,439476.5,10.32346715,0.206349206
"2017.10.11","수요일",1371,390925.5,12.64010949,0.149305556
"2017.10.12","목요일",1222,332353.5,11.5402646,0.162621359
"2017.10.13","금요일",1268,344891,11.49482664,0.122562674
"2017.10.14","토요일",1116,149913,3.347317518,0.0909090909
"2017.10.16","월요일",1319,374528,12.78604927,0.125
"2017.10.17","화요일",1348,489266,4.740967153,0.122270742
"2017.10.18","수요일",1145,431885,4.636468978,0.112266112
"2017.10.19","목요일",989,331056,4.253987226,0.11875
"2017.10.20","금요일",1025,462888,3.713138686,0.0763888889
"2017.10.21","토요일",910,158779.5,2.564406934,0.0520833333
"2017.10.23","월요일",974,535757.6,3.301578467,0.105990783
"2017.10.24","화요일",931,400787,1.572445255,0.108843537
"2017.10.25","수요일",858,380367,0.20145073,0.0801393728
"2017.10.26","목요일",814,362429,1.570939781,0.107954545
"2017.10.27","금요일",826,288413,0.082937956,0.113636364
"2017.10.28","토요일",773,131337,0.07745438,0.03125
"2017.10.30","월요일",805,417405.6,0.082937956,0.117117117
"2017.10.31","화요일",1111,439190,0.019233577,0.0846905537
"2017.11.1","수요일",811,317421,0.019233577,0.0711743772
"2017.11.2","목요일",851,411938,0.015264599,0.0890052356
"2017.11.3","금요일",811,326233,0.32040146,0.189189189
"2017.11.4","토요일",729,206983,0.706961679,0.0625
"2017.11.6","월요일",781,384209,0.706961679,0.0909090909
"2017.11.7","화요일",815,315412.5,0.805930657,0.108974359
"2017.11.8","수요일",849,339876.5,0.816706204,0.109929078
"2017.11.9","목요일",807,285498.5,0.816706204,0.0793650794
"2017.11.10","금요일",779,377965,0.991715328,0.085106383
"2017.11.11","토요일",760,165886.8,0.97645073,0.0666666667
"2017.11.13","월요일",813,402293.5,0.738677007,0.0863309353
"2017.11.14","화요일",803,353381.5,0.60649635,0.0892018779
"2017.11.15","수요일",793,360052,0.726815693,0.111111111
"2017.11.16","목요일",712,366054,0.22205292,0.10989011
"2017.11.17","금요일",933,421069,0.386040146,0.0639097744
"2017.11.18","토요일",688,151664,0.308001825,0
"2017.11.20","월요일",785,378473.5,0.228768248,0.046875
"2017.11.21","화요일",798,412500.2,0.403777372,0.105769231
"2017.11.22","수요일",758,298393.5,0.264607664,0.184782609
"2017.11.23","목요일",691,445332.5,0.319708029,0.136585366
"2017.11.24","금요일",687,288495,0.36979927,0.10738255
"2017.11.25","토요일",676,220996.5,0.701113139,0
"2017.11.27","월요일",698,428403,0.624890511,0.113924051
"2017.11.28","화요일",691,386470,0.84685219,0.137931034
"2017.11.29","수요일",634,301257,1.280593066,0.157303371
"2017.11.30","목요일",880,442273,1.376989051,0.108695652
"2017.12.1","금요일",661,330766.6,1.202162409,0.146341463
"2017.12.2","토요일",745,233986,1.246085766,0.142857143
"2017.12.4","월요일",701,426946.5,1.134644161,0.0972972973
"2017.12.5","화요일",648,401203,1.059279197,0.08
"2017.12.6","수요일",645,374585,1.370812044,0.0724637681
"2017.12.7","목요일",630,256626.5,0.947956204,0.131944444
"2017.12.8","금요일",646,272201.5,0.569543796,0.0625
"2017.12.9","토요일",636,258590,1.020346715,0.0819672131
"2017.12.11","월요일",703,304375,0.438156934,0.120253165
"2017.12.12","화요일",687,308653,0.438686131,0.131756757
"2017.12.13","수요일",711,271816,0.426222628,0.118181818
"2017.12.14","목요일",681,213625.5,0.234963504,0.106918239
"2017.12.15","금요일",723,294071,0.368540146,0.103448276
"2017.12.16","토요일",698,237203,0.255757299,0
"2017.12.18","월요일",819,420158,0.2225,0.118110236
"2017.12.19","화요일",831,409670,0.229936131,0
"2017.12.20","수요일",735,347454,0.220912409,0.05
"2017.12.21","목요일",783,610814.5,0.243357664,0.09375
"2017.12.22","금요일",736,416073.5,0.219717153,0.0476190476
"2017.12.23","토요일",696,312335,0.219187956,0
"2017.12.25","월요일",742,403300,0.21955292,0
"2017.12.26","화요일",749,293826.5,0.126222628,0.12195122
"2017.12.27","수요일",763,310406,0.19645073,0.124183007
"2017.12.28","목요일",753,265085.5,0.120629562,0.0743801653
"2017.12.29","금요일",788,494617,0.011551095,0.123076923
"2017.12.30","토요일",835,146676,0.20004562,0.0961538462
"2018.1.2","화요일",876,86570,0.114899635,0.108910891
"2018.1.3","수요일",785,426562,0.114899635,0.133757962
"2018.1.4","목요일",809,433347.5,0.275275207,0.0740740741
"2018.1.5","금요일",766,447768.5,0.551896565,0.10989011
"2018.1.6","토요일",771,268768,0.556294375,0
"2018.1.8","월요일",783,395678.5,1.065203413,0.0333333333
"2018.1.9","화요일",776,314189,1.201332445,0
"2018.1.10","수요일",816,244188.5,1.676661992,0.0634920635
"2018.1.11","목요일",840,252155,2.372805096,0.0967741935
"2018.1.12","금요일",874,180808.5,2.426713417,0.0620155039
"2018.1.13","토요일",895,115735.5,2.269920524,0.142857143
"2018.1.15","월요일",923,210673.5,2.15258532,0.0909090909
"2018.1.16","화요일",954,253519.5,5.427788686,0.121212121
"2018.1.17","수요일",979,413594.5,5.499504441,0.064516129
"2018.1.18","목요일",932,333630,5.87827022,0.113074205
"2018.1.19","금요일",952,333633,4.916456288,0.0752212389
"2018.1.20","토요일",871,420909,4.775736325,0.228571429
"2018.1.22","월요일",847,635474.5,4.838363721,0.198019802
"2018.1.23","화요일",838,431270,4.425236092,0
"2018.1.24","수요일",808,418455.5,4.451912108,0.0714285714
"2018.1.25","목요일",849,319768.5,1.293492286,0.21875
"2018.1.26","금요일",835,261516,3.588424497,0.133333333
"2018.1.27","토요일",843,148963,1.299513791,0.133333333
"2018.1.29","월요일",909,296735.5,0.506750818,0.0806451613
"2018.1.30","화요일",917,360021.7,0.57712015,0
"2018.1.31","수요일",1000,438144.5,0.395642824,0.161290323
"2018.2.1","목요일",902,487342.6,0.598036466,0.107142857
"2018.2.2","금요일",932,413855.6,0.209611968,0.181818182
"2018.2.3","토요일",946,398121,0.45084619,0
"2018.2.5","월요일",1003,488598.6,0.484506779,0.104651163
"2018.2.6","화요일",1101,343016.4,0.745769051,0
"2018.2.7","수요일",1182,273236,0.736091632,0.0857142857
"2018.2.8","목요일",1150,284543,1.086788219,0.0892857143
"2018.2.9","금요일",1121,368535.6,1.051238897,0.111111111
"2018.2.10","토요일",1126,233286,1.107919589,0
"2018.2.12","월요일",1210,514494,1.083553062,0.115702479
"2018.2.13","화요일",1194,616863.2,1.019055633,0.117647059
"2018.2.14","수요일",1202,415507.1,0.863702665,0.171875
"2018.2.15","목요일",1253,31240,0.774399252,0
"2018.2.19","월요일",1040,252521.5,0.831005143,0.126213592
"2018.2.20","화요일",838,544338,0.303824217,0.146341463
"2018.2.21","수요일",890,536133,0.571921459,0.0869565217
"2018.2.22","목요일",876,417713.6,0.144609631,0.0986842105
"2018.2.23","금요일",894,376658.6,0.288218794,0.0543478261
"2018.2.24","토요일",800,300284,0.241626928,0.0625
"2018.2.26","월요일",855,450747,0.235783076,0.1
"2018.2.27","화요일",955,277004.2,0.219336138,0.0923694779
"2018.2.28","수요일",964,324957.6,7.010453483,0.0887096774
"2018.3.1","목요일",954,319269,7.19657784,0.11
"2018.3.2","금요일",1027,306645.5,7.091556802,0.127725857
"2018.3.3","토요일",951,272751,7.250546985,0
"2018.3.5","월요일",954,764860.6,9.098158018,0.1
"2018.3.6","화요일",921,361691.8,9.134455353,0.108280255
"2018.3.7","수요일",962,268279,11.76668537,0.125
"2018.3.8","목요일",899,412167,15.68754558,0.0752688172
"2018.3.9","금요일",916,331867.6,8.820635811,0.123595506
"2018.3.10","토요일",909,224147,15.61951379,0.0384615385
"2018.3.12","월요일",855,590912.3,8.820635811,0.0888888889
"2018.3.13","화요일",846,482327.8,8.569883123,0.1
"2018.3.14","수요일",858,437067,6.811510051,0.112612613
"2018.3.15","목요일",833,311365.6,14.1884245,0.088
"2018.3.16","금요일",752,344760.6,9.839382889,0.0434782609
"2018.3.17","토요일",778,211675,8.553202431,0
"2018.3.19","월요일",839,447407.1,14.92076671,0.150442478
"2018.3.20","화요일",800,403301,12.09082749,0.0997229917
"2018.3.21","수요일",825,281627.6,14.61776531,0.12244898
"2018.3.22","목요일",830,227982.1,14.62034596,0.125
"2018.3.23","금요일",848,192675.6,14.61995325,0.0821917808
"2018.3.24","토요일",842,206745,9.002197288,0.0714285714
"2018.3.26","월요일",814,521365,14.37755026,0.0977443609
"2018.3.27","화요일",796,455686,9.001804582,0
"2018.3.28","수요일",807,428755.2,3.656867695,0.0841121495
"2018.3.29","목요일",790,378987.6,7.653202431,0.0666666667
"2018.3.30","금요일",869,384722.5,1.108779804,0.0483870968
"2018.3.31","토요일",790,317152,2.548087892,0.146551724
"2018.4.2","월요일",770,507298.1,0.002580645,0.112462006
"2018.4.3","화요일",776,395528.2,0.013997195,0.0791666667
"2018.4.4","수요일",790,305017,1.884628331,0.106145251
"2018.4.5","목요일",853,310021.6,3.618148668,0.115789474
"2018.4.6","금요일",889,297738.2,6.923300608,0.0727272727
"2018.4.7","토요일",917,155304.9,6.952847125,0.10989011
"2018.4.9","월요일",970,393156,6.954100047,0.0875420875
"2018.4.10","화요일",944,353639.8,7.149668069,0.0928381963
"2018.4.11","수요일",879,330169.6,7.439242637,0.112391931
"2018.4.12","목요일",895,336502.2,7.425245442,0.105150215
"2018.4.13","금요일",900,357849.6,5.584768583,0.0943643512
"2018.4.14","토요일",884,168380,11.09441795,0.103806228
"2018.4.16","월요일",886,346031,7.652155213,0.126059485
"2018.4.17","화요일",892,439041.6,9.194240299,0.124902623
"2018.4.18","수요일",881,405919,5.917381954,0.107272221
"2018.4.19","목요일",834,333996.6,5.693520337,0.0898533007
"2018.4.20","금요일",821,347783.8,5.59826087,0.0802556818
"2018.4.21","토요일",739,133155,5.692267415,0.056
"2018.4.23","월요일",977,257588.6,19.1284245,0.112138728
"2018.4.24","화요일",1028,254731.2,18.40162693,0.098265896
"2018.4.25","수요일",999,301471.1,23.90215989,0.0847851336
"2018.4.26","목요일",992,346616.5,18.51562412,0.119372442
"2018.4.27","금요일",1109,330761.8,18.51562412,0.103485839
"2018.4.28","토요일",1025,169354,18.51562412,0.166666667
"2018.4.30","월요일",1219,440536,20.737223,0.109354414
"2018.5.1","화요일",1105,401142,20.95514727,0.130500759
"2018.5.2","수요일",1133,291606,8.900392707,0.103942652
"2018.5.3","목요일",1182,285419.6,18.10909771,0.109195402
"2018.5.4","금요일",1127,330754,8.880635811,0.125541126
"2018.5.5","토요일",931,170095,4.367208976,0.0892857143
"2018.5.7","월요일",1169,389488,7.364862085,0.110204082
"2018.5.8","화요일",1149,329876.5,7.498793829,0.0971428571
"2018.5.9","수요일",1086,345902.9,5.277419355,0.0714285714
"2018.5.10","목요일",1093,370737.5,7.281093969,0.109311741
"2018.5.11","금요일",1130,327287,3.614520804,0.117962466
"2018.5.12","토요일",1115,210698,6.858765778,0.0983606557
"2018.5.14","월요일",1118,382322.5,5.282028986,0.0995670996
"2018.5.15","화요일",1055,386831.2,5.171631604,0.110837438
"2018.5.16","수요일",1076,378799.6,2.604142122,0.127725857
"2018.5.17","목요일",1206,475339,7.923094904,0.115646259
"2018.5.18","금요일",1095,359374.6,7.109396914,0.104972376
"2018.5.19","토요일",885,121698,6.9857223,0.126373626
"2018.5.21","월요일",1109,468968.2,6.961262272,0.129973475
"2018.5.22","화요일",1016,360402,6.410743338,0.0843373494
"2018.5.23","수요일",1098,307108,11.99870968,0.104125737
"2018.5.24","목요일",1067,349331.2,10.11327723,0.108262108
"2018.5.25","금요일",1047,358456,9.641823282,0.107305936
"2018.5.26","토요일",1021,167824,8.337540907,0.115384615
"2018.5.28","월요일",1027,428755,8.582907901,0.111842105
"2018.5.29","화요일",932,340178.6,8.599878448,0.121495327
"2018.5.30","수요일",1016,269295.8,6.887050023,0.0950323974
"2018.5.31","목요일",1172,419862,5.566339411,0.112540193
"2018.6.1","금요일",1003,456161.9,3.150247779,0.102631579
"2018.6.2","토요일",919,118027,5.566339411,0.0701754386
"2018.6.4","월요일",1069,425663.9,1.753305283,0.104377104
"2018.6.5","화요일",1052,373136.4,4.372407667,0.073015873
"2018.6.6","수요일",1061,283364,4.083010753,0.0989010989
"2018.6.7","목요일",1082,294440,4.111865358,0.0631067961
"2018.6.8","금요일",1041,291049.6,3.164992987,0.129464286
"2018.6.9","토요일",935,148755.2,3.49313698,0.064516129
"2018.6.11","월요일",1054,318833,6.085806452,0.116541353
"2018.6.12","화요일",1134,383561,6.437793361,0.130841121
"2018.6.13","수요일",1007,322097,6.436446938,0.0333333333
"2018.6.14","목요일",1141,293279,3.49884993,0.0964285714
"2018.6.15","금요일",1156,327392,6.5199813,0.0816831683
"2018.6.16","토요일",1066,147743,3.529266012,0.114754098
"2018.6.18","월요일",1350,577426.4,3.529266012,0.0998363339
"2018.6.19","화요일",1098,360280,7.236446938,0.105809129
"2018.6.20","수요일",1070,402152,4.307573633,0.115384615
"2018.6.21","목요일",1084,321875,6.963515662,0.0809716599
"2018.6.22","금요일",1151,351082,4.32058906,0.0716612378
"2018.6.23","토요일",985,129668,3.998391772,0.126984127
"2018.6.25","월요일",1279,388605.3,4.014642356,0.0581395349
"2018.6.26","화요일",1255,340998,6.473520337,0.087628866
"2018.6.27","수요일",1294,290504,11.14186068,0.0833333333
"2018.6.28","목요일",1274,297474.8,17.16143993,0.0539215686
"2018.6.29","금요일",1192,320079.9,23.41870968,0.102941176
"2018.6.30","토요일",1283,202800,27.80378682,0.0909090909
"2018.7.2","월요일",1266,326856.6,32.74060776,0.0695652174
"2018.7.3","화요일",1293,376315.8,36.07571763,0.0804597701
"2018.7.4","수요일",1291,219928.5,37.64792894,0.091954023
"2018.7.5","목요일",1399,318965.8,37.33228612,0.112
"2018.7.6","금요일",1162,330441,38.28189808,0.112359551
"2018.7.7","토요일",1015,136168,30.79245442,0.0847457627
"2018.7.9","월요일",1256,403270.5,34.81514727,0.112554113
"2018.7.10","화요일",1229,326181,19.87931744,0.106770833
"2018.7.11","수요일",1111,351244,20.7658345,0.127906977
"2018.7.12","목요일",1118,303724,14.42602151,0.120253165
"2018.7.13","금요일",1165,263908.6,11.16193548,0.0618556701
"2018.7.14","토요일",992,131810,7.114446003,0.120689655
"2018.7.16","월요일",1236,313764,4.629948574,0.114427861
"2018.7.17","화요일",1353,424338,5.510116877,0.09375
"2018.7.18","수요일",1188,312077,0.848284245,0.135951662
"2018.7.19","목요일",1092,248057,2.03369799,0.0992907801
"2018.7.20","금요일",1093,235649.6,0.303338008,0.161538462
"2018.7.21","토요일",1075,116694,0.4914446,0.210526316
"2018.7.23","월요일",1256,327895.2,0.001552127,0.137096774
"2018.7.24","화요일",1109,278680,0.000906966,0.1
"2018.7.25","수요일",1219,217674,0.000691912,0.0588235294
"2018.7.26","목요일",1137,164483.6,0.006825619,0.0718562874
"2018.7.27","금요일",1138,296279.3,0.053866293,0.0996015936
"2018.7.28","토요일",928,113046,0.278747078,0.0294117647
"2018.7.30","월요일",1273,281846,0.351846657,0.127937337
"2018.7.31","화요일",1323,382404.3,0.351369799,0.10619469
"2018.8.1","수요일",1208,349075,0.351846657,0.14
"2018.8.2","목요일",1179,400725.3,0.351369799,0.143122677
"2018.8.3","금요일",1166,236189,0.732632071,0.133828996
"2018.8.4","토요일",1002,22310,0.726507714,0
"2018.8.6","월요일",1180,235437,4.065750351,0.113924051
"2018.8.7","화요일",1245,297499,4.184403927,0.105090312
"2018.8.8","수요일",1284,347388,4.735895278,0.12345679
"2018.8.9","목요일",1265,238276.1,5.156166433,0.108504399
"2018.8.10","금요일",1295,273354.8,6.109191211,0.145038168
"2018.8.11","토요일",1115,144578,6.180149603,0.0983606557
"2018.8.13","월요일",1576,326710,5.912949977,0.0945558739
"2018.8.14","화요일",1380,275080,6.3028518,0.137168142
"2018.8.15","수요일",1488,238785,3.420682562,0.0912698413
"2018.8.16","목요일",1449,238758,8.819541842,0.103658537
"2018.8.17","금요일",1707,352325,5.953913043,0.103139013
"2018.8.18","토요일",1304,129122,5.525769051,0.0806451613
"2018.8.20","월요일",1613,384717,4.624946237,0.157894737
"2018.8.21","화요일",1427,349899,5.074894811,0.128702758
"2018.8.22","수요일",1515,245975,7.940140252,0.107317073
"2018.8.23","목요일",1520,305892.9,23.49236092,0.0993071594
"2018.8.24","금요일",1606,232161.5,25.64731183,0.0970588235
"2018.8.25","토요일",1317,104089,24.49503506,0.114035088
"2018.8.27","월요일",1962,287855.5,31.99275362,0.105058366
"2018.8.28","화요일",1822,271042,32.86067321,0.119402985
"2018.8.29","수요일",1508,280368,34.85269752,0.112903226
"2018.8.30","목요일",1508,306145.2,35.9884058,0.0902255639
"2018.8.31","금요일",2088,283842,35.36387097,0.125944584
"2018.9.1","토요일",1334,171756,33.49762506,0.0810810811
"2018.9.3","월요일",2048,323674.5,45.70642356,0.127906977
"2018.9.4","화요일",1619,352189.4,38.09609163,0.0921658986
"2018.9.5","수요일",1775,323259.5,28.54417017,0.110091743
"2018.9.6","목요일",1645,349841.2,32.48396447,0.0725075529
"2018.9.7","금요일",1526,286864,27.51218326,0.122340426
"2018.9.8","토요일",1242,135777,26.43625993,0.0580645161
"2018.9.10","월요일",1683,428468,21.77581113,0.100244499
"2018.9.11","화요일",1561,355416,14.04035531,0.0769230769
"2018.9.12","수요일",1582,312126,16.84105657,0.123655914
"2018.9.13","목요일",1618,316619.8,19.87064984,0.0921658986
"2018.9.14","금요일",1579,375449.6,23.54098177,0.107638889
"2018.9.15","토요일",1318,189877,18.81102384,0.14516129
"2018.9.17","월요일",2103,425194,17.31459561,0.085078534
"2018.9.18","화요일",1891,513641,19.10749883,0.0700483092
"2018.9.19","수요일",1568,425635.6,17.56680692,0.106306306
"2018.9.20","목요일",1654,405965,20.14000935,0.103327496
"2018.9.21","금요일",1448,467682,24.48502104,0.13372093
"2018.9.22","토요일",1305,161470,10.39756896,0.105398458
"2018.9.27","목요일",1937,214459,22.12667602,0.113207547
"2018.9.28","금요일",1722,433236.3,9.983188406,0.137614679
"2018.9.29","토요일",1842,257912.4,8.889789621,0.120996441
"2018.10.1","월요일",1822,513107,8.865058439,0.14057508
"2018.10.2","화요일",1791,529839,8.21942029,0.121259843
"2018.10.3","수요일",1446,381091,6.001496026,0.179487179
"2018.10.4","목요일",1571,310185.1,4.570004675,0.153846154
"2018.10.5","금요일",1520,266822.1,33.67265077,0.109137056
"2018.10.6","토요일",986,93225.1,45.18123422,0.117647059
"2018.10.8","월요일",1568,410275.2,45.16254324,0.153594771
"2018.10.9","화요일",1400,324846,43.98749883,0.147335423
"2018.10.10","수요일",1413,256323,45.18931276,0.138539043
"2018.10.11","목요일",1391,310544.2,44.07683964,0.0914826498
"2018.10.12","금요일",1447,293015,44.00908836,0.140350877
"2018.10.13","토요일",1129,136454,43.26726508,0.109540636
"2018.10.15","월요일",1514,399092.2,16.72408602,0.117647059
"2018.10.16","화요일",1309,327312,27.67222066,0.101827676
"2018.10.17","수요일",1781,404225,16.61702665,0.108455882
"2018.10.18","목요일",1471,273291.4,1.81031323,0.109149278
"2018.10.19","금요일",1396,300433,1.723048153,0.0993657505
"2018.10.20","토요일",1198,171835,1.816671342,0
"2018.10.22","월요일",1720,364239,1.778522674,0.125344353
"2018.10.23","화요일",1373,448894,1.852052361,0.12979351
"2018.10.24","수요일",1415,303772,1.852052361,0.15916955
"2018.10.25","목요일",1595,269826.6,1.560607761,0.106598985
"2018.10.26","금요일",1656,331208.5,2.361467976,0.12992126
"2018.10.27","토요일",1140,98611,1.357671809,0.0687022901
"2018.10.29","월요일",1630,326886.3,2.121813932,0.0775681342
"2018.10.30","화요일",1427,329257,1.047321178,0.09
"2018.10.31","수요일",1930,433332.2,0.985338943,0.117647059
"2018.11.1","목요일",1588,377646.1,0.968359046,0.0822368421
"2018.11.2","금요일",1450,316976,0.985338943,0.101876676
"2018.11.3","토요일",1434,189737,0.911809257,0.12
"2018.11.5","월요일",1471,460024,0.059074334,0.115686275
"2018.11.6","화요일",1377,362641.8,0.950621786,0.116129032
"2018.11.7","수요일",1206,446622,1.473277232,0.165113182
"2018.11.8","목요일",1226,237815.8,8.132734923,0.156398104
"2018.11.9","금요일",1074,174878,8.140757363,0.155778894
"2018.11.10","토요일",1214,124040,8.141898083,0.102040816
"2018.11.12","월요일",1509,423204.6,8.593389434,0.0870588235
"2018.11.13","화요일",1348,357485,8.696222534,0.103448276
"2018.11.14","수요일",1012,283216.4,8.775811127,0.147398844
"2018.11.15","목요일",1216,328039.6,8.711818607,0.09375
"2018.11.16","금요일",1156,313922.4,7.919149135,0.128
"2018.11.17","토요일",1469,280498,2.591865358,0.0636942675
"2018.11.19","월요일",1451,394618.3,7.818438523,0.0850277264
"2018.11.20","화요일",1207,355956,1.210406732,0.140983607
"2018.11.21","수요일",1100,277553,0.824731183,0.133027523
"2018.11.22","목요일",1082,339227,1.174100047,0.156950673
"2018.11.23","금요일",974,308476,0.744927536,0.116719243
"2018.11.24","토요일",1031,205283,1.125245442,0.064516129
"2018.11.26","월요일",1098,339412,0.527218326,0.0909090909
"2018.11.27","화요일",1194,410695,1.048536699,0.0631578947
"2018.11.28","수요일",997,262648,0.527218326,0.0687830688
"2018.11.29","목요일",1072,370541.8,0.520084151,0.111111111
"2018.11.30","금요일",1267,428204,0.413576438,0.138888889
"2018.12.1","토요일",956,301313,0.520084151,0.0983606557
"2018.12.3","월요일",1125,307467,1.827349229,0.10862069
"2018.12.4","화요일",982,336090,3.838232819,0.142201835
"2018.12.5","수요일",952,291052,4.236222534,0.0716112532
"2018.12.6","목요일",894,339380.3,5.006030856,0.0825688073
"2018.12.7","금요일",953,360151,4.998560075,0.0974729242
"2018.12.8","토요일",852,213332,5.000345956,0.0675675676
"2018.12.10","월요일",921,464998.6,5.000345956,0.129533679
"2018.12.11","화요일",964,404942,6.392230014,0.193548387
"2018.12.12","수요일",954,340045,4.984600281,0.0916030534
"2018.12.13","목요일",911,304675.6,4.00456288,0.108695652
"2018.12.14","금요일",945,278111,5.000794764,0.11627907
"2018.12.15","토요일",899,193895,1.423562412,0.0666666667
"2018.12.17","월요일",1216,508778,2.588368396,0.0845070423
"2018.12.18","화요일",958,363386,1.421898083,0.114537445
"2018.12.19","수요일",954,347235,1.427134175,0.0574712644
"2018.12.20","목요일",950,378727.8,1.342187938,0.10989011
"2018.12.21","금요일",921,420516,2.725993455,0.107526882
"2018.12.22","토요일",878,176612,1.533978495,0.0606060606
"2018.12.24","월요일",956,395723,1.544600281,0.064516129
"2018.12.25","화요일",948,330513,1.525899953,0.0752688172
"2018.12.26","수요일",985,354859,1.540757363,0.10619469
"2018.12.27","목요일",946,413127,1.543384759,0.0921985816
"2018.12.28","금요일",816,328231,1.620112202,0.105590062
"2018.12.29","토요일",813,224296,0.324226274,0.163636364
"2018.12.31","월요일",1178,340873,1.628892006,0.0602409639
"2019.1.2","수요일",864,26235,0.109677419,0.121890547
"2019.1.3","목요일",918,308976.8,0.320168303,0.144262295
"2019.1.4","금요일",931,373496,0.277770805,0.117948718
"2019.1.5","토요일",972,297914,0.288301563,0
"2019.1.7","월요일",932,557262,0.305786369,0.16
"2019.1.8","화요일",951,537462.8,0.204888753,0.154228856
"2019.1.9","수요일",884,412552,0.279521759,0.128787879
"2019.1.10","목요일",896,368229,0.205200037,0.201277955
"2019.1.11","금요일",938,329150,0.28844358,0.136044881
"2019.1.12","토요일",938,220298,0.802636187,0
"2019.1.14","월요일",894,305528.5,0.634542802,0.102409639
"2019.1.15","화요일",941,298367,0.781050584,0.0853658537
"2019.1.16","수요일",932,419417,0.641634241,0.193630573
"2019.1.17","목요일",1063,696673,0.613949416,0.193548387
"2019.1.18","금요일",893,459608,0.613949416,0.142241379
"2019.1.19","토요일",968,285852,0.701293774,0.277777778
"2019.1.21","월요일",934,437000,0.612431907,0.0903225806
"2019.1.22","화요일",915,373290,0.189951362,0.1975
"2019.1.23","수요일",944,477647,0.612120623,0.127035831
"2019.1.24","목요일",919,483429,0.091498054,0.167002012
"2019.1.25","금요일",903,503498,0.121731518,0.127764128
"2019.1.26","토요일",940,347305,0.11848249,0.09375
"2019.1.28","월요일",782,695448,0.135622568,0.121568627
"2019.1.29","화요일",897,445188,0.047636187,0.114180479
"2019.1.30","수요일",886,438756,0.139445525,0.109660574
"2019.1.31","목요일",948,444363,2.233297665,0.142414861
"2019.2.1","금요일",912,476462,2.23077821,0.0839694656
"2019.2.2","토요일",887,202126,2.232023346,0.225806452
"2019.2.4","월요일",1029,35400,2.207558366,0.08125
"2019.2.7","목요일",1470,2029,2.643560311,0.109022556
"2019.2.8","금요일",889,285568.5,2.604474708,0.104294479
"2019.2.9","토요일",854,328684.2,2.626099222,0.15
"2019.2.11","월요일",967,543937,2.601624514,0.0987460815
"2019.2.12","화요일",912,470034.3,0.429970817,0.132231405
"2019.2.13","수요일",914,525950,2.601293774,0.0966122961
"2019.2.14","목요일",880,415754,0.432752918,0.125646711
"2019.2.15","금요일",860,429766,0.516916342,0.105154639
"2019.2.16","토요일",856,281075.5,0.105505837,0.109375
"2019.2.18","월요일",912,534145,0.718171206,0.0881392818
"2019.2.19","화요일",821,395933,3.894824903,0.111552203
"2019.2.20","수요일",795,293083,3.902276265,0.128571429
"2019.2.21","목요일",787,188550.5,3.895272374,0.10359408
"2019.2.22","금요일",785,388817,4.00733463,0.153465347
"2019.2.23","토요일",772,327696,3.999153696,0.125984252
"2019.2.25","월요일",719,471067,3.926935798,0.123076923
"2019.2.26","화요일",709,431561,3.994931907,0.143776824
"2019.2.27","수요일",726,345475,3.957743191,0.0963636364
"2019.2.28","목요일",811,679700,0.576167315,0.14213198
"2019.3.1","금요일",732,291488,3.975486381,0.133333333
"2019.3.2","토요일",729,221828,0.461935798,0.0724637681
"2019.3.4","월요일",780,377641.4,0.453521401,0.0785714286
"2019.3.5","화요일",737,378401,0.562733463,0.0991831972
"2019.3.6","수요일",728,256697,1.277519455,0.113207547
"2019.3.7","목요일",726,431425,1.446877432,0.113772455
"2019.3.8","금요일",702,275441,1.2067607,0.0820045558
"2019.3.9","토요일",744,421100,2.391780156,0.121212121
"2019.3.11","월요일",685,582474,2.286011673,0.0865051903
"2019.3.12","화요일",679,471654,2.319883268,0.11747851
"2019.3.13","수요일",669,373676,2.302587549,0.106508876
"2019.3.14","목요일",646,447672,2.325486381,0.130666667
"2019.3.15","금요일",611,484357.4,2.074484436,0.112359551
"2019.3.16","토요일",618,318034.2,2.74979572,0.140350877
"2019.3.18","월요일",726,459837,2.469212062,0.127659574
"2019.3.19","화요일",649,381107.4,1.329688716,0.104545455
"2019.3.20","수요일",700,349485.2,5.178433852,0.107954545
"2019.3.21","목요일",815,308998,4.712363813,0.115053763
"2019.3.22","금요일",842,371250.3,4.738005837,0.0822510823
"2019.3.23","토요일",820,267567.4,4.806673152,0.12371134
"2019.3.25","월요일",852,419018.5,4.129678988,0.143572621
"2019.3.26","화요일",861,381088,4.780398833,0.104776579
"2019.3.27","수요일",839,341945,3.809776265,0.105371901
"2019.3.28","목요일",903,215257,4.481673152,0.0835380835
"2019.3.29","금요일",969,243588,1.117431907,0.108108108
"2019.3.30","토요일",955,234766,3.980214008,0.0902255639
"2019.4.1","월요일",1006,439757,1.516488327,0.095035461
"2019.4.2","화요일",974,404646.5,0.777752918,0.141025641
"2019.4.3","수요일",988,340922,0.986848249,0.0921052632
"2019.4.4","목요일",944,378845,0.777752918,0.0955188679
"2019.4.5","금요일",982,389601,0.723599222,0.0825471698
"2019.4.6","토요일",854,131848,0.667966926,0
"2019.4.8","월요일",986,405946.9,0.937694553,0.126744186
"2019.4.9","화요일",954,271483.3,4.791274319,0.0962343096
"2019.4.10","수요일",976,304230,7.397694553,0.0878552972
"2019.4.11","목요일",987,331134,6.998638132,0.0822561692
"2019.4.12","금요일",978,325992,7.040924125,0.0967741935
"2019.4.13","토요일",877,171291,7.040924125,0.134831461
"2019.4.15","월요일",1048,447795,7.040924125,0.0816618911
"2019.4.16","화요일",1042,358951,6.826498054,0.113933795
"2019.4.17","수요일",1015,471762,7.070019455,0.121347137
"2019.4.18","목요일",1025,298245,2.279075875,0.112413969
"2019.4.19","금요일",1059,315620.5,4.648346304,0.134038801
"2019.4.20","토요일",889,159693,2.284688716,0.123844732
"2019.4.22","월요일",1208,406566.8,0.034708171,0.128489621
"2019.4.23","화요일",1146,326061.8,2.795087549,0.119547658
"2019.4.24","수요일",1252,273524,3.893035019,0.096050707
"2019.4.25","목요일",1201,309794,4.861235409,0.110795455
"2019.4.26","금요일",1160,312827.6,6.480029183,0.0976331361
"2019.4.27","토요일",1109,218672.4,6.52233463,0.0930232558
"2019.4.29","월요일",1249,409755.8,10.25719844,0.123501199
"2019.4.30","화요일",1257,460581.5,10.31163424,0.10608914
"2019.5.1","수요일",1091,411441,10.31635214,0.103081828
"2019.5.2","목요일",1097,465010.5,7.593093385,0.106132075
"2019.5.3","금요일",1012,371856,9.170953307,0.101604278
"2019.5.4","토요일",994,187144.2,6.624892996,0.0976863753
"2019.5.6","월요일",1059,438177,4.847723735,0.1078125
"2019.5.7","화요일",1028,351721,5.514202335,0.0759911894
"2019.5.8","수요일",938,403272,0.115116732,0.126447876
"2019.5.9","목요일",934,336872.4,3.807159533,0.149503722
"2019.5.10","금요일",1078,307505,0.101906615,0.0901525659
"2019.5.11","토요일",940,170004,0.042752918,0.0757238307
"2019.5.13","월요일",1019,352538,0.05729572,0.0999275887
"2019.5.14","화요일",1033,382294.6,0.169669261,0.113375131
"2019.5.15","수요일",984,304392,0.126916342,0.103709949
"2019.5.16","목요일",1025,328167,0.169669261,0.115616911
"2019.5.17","금요일",1119,441563,2.667937743,0.115456238
"2019.5.18","토요일",943,151618.6,13.18503891,0.116504854
"2019.5.20","월요일",1117,375385.2,13.39093385,0.0911701364
"2019.5.21","화요일",1077,332850,13.39093385,0.131713555
"2019.5.22","수요일",1036,328591.4,13.37639105,0.122580645
"2019.5.23","목요일",1061,399618,13.27856031,0.102222222
"2019.5.24","금요일",1020,331443,13.37639105,0.103519669
"2019.5.25","토요일",953,180469.7,13.26401751,0.142857143
"2019.5.27","월요일",984,420990.5,18.42333658,0.108799049
"2019.5.28","화요일",1021,289009.1,10.44725681,0.102495544
"2019.5.29","수요일",991,362460.5,18.21744163,0.107843137
"2019.5.30","목요일",985,312441,7.909105058,0.125514403
"2019.5.31","금요일",1077,475701.5,7.824581712,0.133738602
"2019.6.1","토요일",947,183976.8,7.824581712,0.0722891566
"2019.6.3","월요일",1042,450613.7,7.824581712,0.0968366688
"2019.6.4","화요일",998,360144,7.824581712,0.138651472
"2019.6.5","수요일",932,413643.6,0.124241245,0.17593985
"2019.6.6","목요일",1010,500582,12.10151751,0.0898876404
"2019.6.7","금요일",952,282364.6,9.246264591,0.101149425
"2019.6.8","토요일",865,147734,9.273579767,0.0563380282
"2019.6.10","월요일",1034,329569.5,9.665924125,0.094
"2019.6.11","화요일",969,378040,9.828599222,0.0996602492
"2019.6.12","수요일",986,341084,9.707227626,0.0923009624
"2019.6.13","목요일",976,338130,9.707227626,0.0941271118
"2019.6.14","금요일",994,339703.9,12.61032101,0.1344
"2019.6.15","토요일",905,171422,9.394406615,0.0880503145
"2019.6.17","월요일",1142,517356.4,8.826585603,0.108781127
"2019.6.18","화요일",1004,390862.5,9.992821012,0.107721046
"2019.6.19","수요일",992,521217.8,4.985223735,0.119023398
"2019.6.20","목요일",1020,381240,5.421712062,0.107263514
"2019.6.21","금요일",958,392312,5.477607004,0.107449857
"2019.6.22","토요일",851,129245.5,5.724357977,0.119113573
"2019.6.24","월요일",1010,387673.5,2.840029183,0.13933121
"2019.6.25","화요일",949,418386.1,4.682101167,0.135947712
"2019.6.26","수요일",863,394842.5,16.75876459,0.136413641
"2019.6.27","목요일",974,306851.8,17.89419261,0.118946474
"2019.6.28","금요일",956,382007.2,18.33572957,0.0963172805
"2019.6.29","토요일",866,149114.4,22.6954572,0.0775510204
"2019.7.1","월요일",1056,386754.9,22.06050584,0.0909090909
"2019.7.2","화요일",929,323766.4,22.29312257,0.13429368
"2019.7.3","수요일",937,421067.6,22.0497179,0.137211855
"2019.7.4","목요일",895,334756.5,21.77755837,0.117105813
"2019.7.5","금요일",926,280943,7.840817121,0.136318408
"2019.7.6","토요일",757,119910.8,18.9383463,0.0992366412
"2019.7.8","월요일",977,349190.7,8.095136187,0.109243697
"2019.7.9","화요일",865,413959,0.914173152,0.118707739
"2019.7.10","수요일",921,388429.8,14.30296693,0.115777526
"2019.7.11","목요일",841,248499.3,13.23607977,0.105642257
"2019.7.12","금요일",905,295820.4,13.1283463,0.127208481
"2019.7.13","토요일",789,166266.4,15.68942607,0.0967741935
"2019.7.15","월요일",940,393404.5,18.08839494,0.107053942
"2019.7.16","화요일",936,388203.2,18.93555447,0.14953271
"2019.7.17","수요일",978,332605.3,19.38830739,0.127929688
"2019.7.18","목요일",902,265629.2,26.1498249,0.114904793
"2019.7.19","금요일",863,315140.8,31.24776265,0.0990466102
"2019.7.20","토요일",675,122256.2,50.78931907,0.130612245
"2019.7.22","월요일",916,432980,48.95620623,0.142478463
"2019.7.23","화요일",854,396732,43.11507782,0.103196347
"2019.7.24","수요일",785,352245.6,43.1845428,0.140540541
"2019.7.25","목요일",818,234241.3,43.69857977,0.14416476
"2019.7.26","금요일",905,254373.2,44.73952335,0.14841629
"2019.7.27","토요일",787,122619.4,39.56845331,0.131868132
"2019.7.29","월요일",879,347951.4,30.96276265,0.141935484
"2019.7.30","화요일",841,288822.3,24.74594358,0.117907148
"2019.7.31","수요일",1074,429058,21.43,0.116357504
"2019.8.1","목요일",892,376657.5,11.95950389,0.113616652
"2019.8.2","금요일",857,246136.8,8.014727626,0.118251928
"2019.8.3","토요일",746,13659,6.551245136,0.0814814815
"2019.8.5","월요일",950,328049.5,4.822412451,0.081027668
"2019.8.6","화요일",779,391048.5,7.702821012,0.122362869
"2019.8.7","수요일",843,288315.7,9.931780156,0.108521486
"2019.8.8","목요일",829,321823,9.345136187,0.120625465
"2019.8.9","금요일",859,274254.9,8.489873541,0.14683153
"2019.8.10","토요일",775,162753.1,8.667003891,0.0930232558
"2019.8.12","월요일",855,420931.4,10.24562257,0.117721519
"2019.8.13","화요일",877,292051.7,9.623005837,0.101573677
"2019.8.14","수요일",839,336769.5,9.581809339,0.135080645
"2019.8.15","목요일",851,243027,13.86376459,0.102739726
"2019.8.16","금요일",954,295402.4,12.19356031,0.134344529
"2019.8.17","토요일",820,166159.8,13.41273346,0.132183908
"2019.8.19","월요일",1072,473633.6,10.00613813,0.0991080278
"2019.8.20","화요일",864,320152.1,9.204173152,0.135351736
"2019.8.21","수요일",911,299411.5,9.620301556,0.131991051
"2019.8.22","목요일",935,311257,16.56248054,0.132440476
"2019.8.23","금요일",873,322557.3,14.67858949,0.117059243
"2019.8.24","토요일",790,162705.3,8.293346304,0.130111524
"2019.8.26","월요일",857,502734.6,14.99431907,0.113669065
"2019.8.27","화요일",792,469148.2,15.89384241,0.132553606
"2019.8.28","수요일",756,460024.5,20.1325,0.12470024
"2019.8.29","목요일",855,376765.3,24.44363813,0.105462822
"2019.8.30","금요일",846,278312,22.20586576,0.118446602
"2019.8.31","토요일",791,163956.4,19.20995136,0.132450331
"2019.9.2","월요일",980,550389,25.40113813,0.12755102
"2019.9.3","화요일",932,514404,23.73535019,0.156032849
"2019.9.4","수요일",899,443084,27.67430934,0.129411765
"2019.9.5","목요일",918,363345,25.42991245,0.137042062
"2019.9.6","금요일",1061,495170.8,31.68381323,0.127877238
"2019.9.7","토요일",836,251988.4,28.81624514,0.111553785
"2019.9.9","월요일",1006,501081.2,30.93632296,0.143039049
"2019.9.10","화요일",1032,534647.2,28.76557393,0.155719139
"2019.9.11","수요일",1031,417651,27.84883268,0.160330579
"2019.9.12","목요일",821,35430.4,28.19621595,0.131274131
"2019.9.16","월요일",916,299809,23.72131323,0.117378049
"2019.9.17","화요일",1059,511955.1,21.02152724,0.144369586
"2019.9.18","수요일",908,401783,15.54132296,0.128440367
"2019.9.19","목요일",996,433355.4,12.1567607,0.112010796
"2019.9.20","금요일",825,416589.8,9.376089494,0.0996677741
"2019.9.21","토요일",855,239266.8,18.52026265,0.0344827586
"2019.9.23","월요일",913,290736.9,16.43438716,0.170731707
"2019.9.24","화요일",853,427586.3,15.80714008,0.179417739
"2019.9.25","수요일",956,382263.8,14.14308366,0.173352436
"2019.9.26","목요일",916,329158.7,13.5280642,0.110845295
"2019.9.27","금요일",1009,424739,15.52054475,0.140591966
"2019.9.28","토요일",915,226556.3,16.20527237,0.111702128
"2019.9.30","월요일",1089,552039.4,17.21864786,0.103488372
"2019.10.1","화요일",910,560736.1,7.761906615,0.113995485
"2019.10.2","수요일",944,363122,45.84518482,0.099378882
"2019.10.3","목요일",784,258471.5,39.11457198,0.114173228
"2019.10.4","금요일",740,232470.6,38.94668288,0.100286533
"2019.10.5","토요일",729,202121.5,39.80373541,0.0615384615
"2019.10.7","월요일",1116,393575.1,38.86383268,0.148320896
"2019.10.8","화요일",985,394680,40.13502918,0.149425287
"2019.10.9","수요일",1010,410235.4,37.78386187,0.128787879
"2019.10.10","목요일",1155,315468.1,34.36162451,0.135135135
"2019.10.11","금요일",988,410612,12.05820039,0.125874126
"2019.10.12","토요일",892,143209.5,27.00043774,0.09375
"2019.10.14","월요일",1168,374366.6,9.503258755,0.0977777778
"2019.10.15","화요일",1152,370076.7,2.718715953,0.122112211
"2019.10.16","수요일",1148,365990.7,2.577431907,0.122605364
"2019.10.17","목요일",1229,411700.2,2.692480545,0.102819237
"2019.10.18","금요일",1176,328828.2,3.392412451,0.110932476
"2019.10.19","토요일",1011,163932.7,3.415544747,0.1171875
"2019.10.21","월요일",1412,407069.4,3.409844358,0.128275862
"2019.10.22","화요일",1302,390257.5,3.428005837,0.150793651
"2019.10.23","수요일",1328,364587.1,2.229747082,0.130498534
"2019.10.24","목요일",1075,516137.2,4.016536965,0.0751072961
"2019.10.25","금요일",1263,303851.3,3.284708171,0.0896226415
"2019.10.26","토요일",852,137126.8,2.859143969,0.0941176471
"2019.10.28","월요일",1140,446902.8,1.177889105,0.120826709
"2019.10.29","화요일",1263,367587.1,2.925924125,0.123505976
"2019.10.30","수요일",1009,242595.8,1.236780156,0.1
"2019.10.31","목요일",1436,355268.4,1.190856031,0.100263852
"2019.11.1","금요일",1324,392205,1.176439689,0.128133705
"2019.11.2","토요일",935,180972.2,0.206264591,0.118421053
"2019.11.4","월요일",1154,399850,1.137889105,0.121863799
"2019.11.5","화요일",1112,365414.7,0.238998054,0.13437058
"2019.11.6","수요일",1018,360707,0.1275,0.117977528
"2019.11.7","목요일",1210,268738,0.10688716,0.119521912
"2019.11.8","금요일",1159,311787.2,0.132976654,0.123434705
"2019.11.9","토요일",849,178088.2,0.111138132,0.0549450549
"2019.11.11","월요일",1173,373173.6,0.185262646,0.143179256
"2019.11.12","화요일",991,291589,0.185262646,0.113673806
"2019.11.13","수요일",1017,277859.7,0.488492218,0.147887324
"2019.11.14","목요일",1036,334817.8,0.546429961,0.133811231
"2019.11.15","금요일",993,287758.6,0.823005837,0.157453936
"2019.11.16","토요일",1082,179659.1,0.848287938,0.115702479
"2019.11.18","월요일",1333,391990.2,3.478336576,0.130127298
"2019.11.19","화요일",1008,273659.9,3.43807393,0.136538462
"2019.11.20","수요일",975,368841,3.401001946,0.122613065
"2019.11.21","목요일",956,285286.6,3.43807393,0.110912343
"2019.11.22","금요일",1000,357277.3,2.999338521,0.125827815
"2019.11.23","토요일",987,181711.2,3.367879377,0.104347826
"2019.11.25","월요일",1103,328299.5,3.797062257,0.12244898
"2019.11.26","화요일",992,340134.5,4.405544747,0.0986193294
"2019.11.27","수요일",1091,288208,2.180719844,0.121387283
"2019.11.28","목요일",976,342802.8,5.463190661,0.140807175
"2019.11.29","금요일",1033,325882.1,2.841332685,0.10782241
"2019.11.30","토요일",935,148394.7,2.864163424,0.10915493
"2019.12.2","월요일",1239,325736,2.896712062,0.117006803
"2019.12.3","화요일",1019,328211.2,2.906128405,0.112396694
"2019.12.4","수요일",1035,313688,1.799484436,0.107086614
"2019.12.5","목요일",884,376938,2.594105058,0.15
"2019.12.6","금요일",903,299120.5,1.099503891,0.121008403
"2019.12.7","토요일",886,188119.5,0.78286965,0.102040816
"2019.12.9","월요일",1150,321540.2,0.800175097,0.131182796
"2019.12.10","화요일",1045,331317.4,0.129776265,0.0998810939
"2019.12.11","수요일",1052,314502.9,0.14516537,0.126182965
"2019.12.12","목요일",1021,290121,0.135486381,0.131332083
"2019.12.13","금요일",1090,365093.8,0.12459144,0.14109589
"2019.12.14","토요일",928,189872.6,0.167402724,0.140811456
"2019.12.16","월요일",994,351893.5,0.216381323,0.0884582982
"2019.12.17","화요일",1093,327238.2,1.079348249,0.130136986
"2019.12.18","수요일",908,292600.7,1.219688716,0.128698225
"2019.12.19","목요일",1005,291196.2,1.16881323,0.128125
"2019.12.20","금요일",1005,283986.4,1.190389105,0.135057471
"2019.12.21","토요일",1005,232082.9,1.161468872,0.125
"2019.12.23","월요일",1050,462347.8,1.183054475,0.0904977376
"2019.12.24","화요일",998,274458.5,1.142188716,0.141630901
"2019.12.25","수요일",1104,348039.2,1.148035019,0.0979498861
"2019.12.26","목요일",1126,283378.5,1.515632296,0.16064257
"2019.12.27","금요일",1044,300572.4,2.195359922,0.11747851
"2019.12.28","토요일",818,150359,1.466828794,0.125
"2019.12.30","월요일",1137,397541.9,1.432752918,0.120805369
"2019.12.31","화요일",1173,226734.2,1.46233463,0.128818061
"2020.1.2","목요일",794,15776,1.406449416,0.152173913
"2020.1.3","금요일",1082,499938.2,1.460466926,0.105882353
"2020.1.4","토요일",1168,360325.2,1.383453307,0.112903226
"2020.1.6","월요일",1157,553752.5,1.368302575,0.12244898
"2020.1.7","화요일",1171,473290.5,10.72853684,0.11369509
"2020.1.8","수요일",1200,421552.2,10.92139838,0.103305785
"2020.1.9","목요일",1170,369087.9,10.80339254,0.159874608
"2020.1.10","금요일",1123,332300,10.88447231,0.0977312391
"2020.1.11","토요일",1212,263357.2,10.81026214,0.12145749
"2020.1.13","월요일",1071,577964,10.78151823,0.131506849
"2020.1.14","화요일",1183,404870,11.25552048,0.13091922
"2020.1.15","수요일",1129,490278.5,10.05593386,0.115492958
"2020.1.16","목요일",1126,373886.2,3.102795941,0.095890411
"2020.1.17","금요일",1194,460547,8.815685832,0.10543131
"2020.1.18","토요일",1112,319199,2.351409245,0.151515152
"2020.1.20","월요일",1194,599578,0.930101466,0.108597285
"2020.1.21","화요일",1040,501520,0.923231868,0.12470024
"2020.1.22","수요일",1029,409565.6,3.788147313,0.116216216
"2020.1.23","목요일",855,287028,3.672341225,0.121042831
"2020.1.24","금요일",634,33570,4.384261556,0.0848214286
"2020.1.27","월요일",0,0,9.989409996,0.162790698
"2020.1.28","화요일",870,185585,10.24741826,0.137019231
"2020.1.29","수요일",803,261786,10.38167606,0.115890084
"2020.1.30","목요일",1093,237918.2,10.95780534,0.117056856
"2020.1.31","금요일",991,282391.4,10.6947313,0.108045977
"2020.2.1","토요일",1198,328005.8,7.835655769,0.0974025974
"2020.2.3","월요일",1250,596930.5,10.33083803,0.106930693
"2020.2.4","화요일",1172,504867.7,7.630920707,0.118251928
"2020.2.5","수요일",1099,475903,1.44854566,0.123966942
"2020.2.6","목요일",1069,359812.2,6.851093574,0.0912017167
"2020.2.7","금요일",1040,331709,0.990898159,0.103571429
"2020.2.8","토요일",1051,181170.5,0.336625329,0.0809859155
"2020.2.10","월요일",1070,414745.8,0.602795941,0.135021097
"2020.2.11","화요일",1052,311167.5,0.228342728,0.128939828
"2020.2.12","수요일",1044,382385.2,4.388733559,0.192825112
"2020.2.13","목요일",1054,302663.8,4.361811349,0.148351648
"2020.2.14","금요일",963,345013.8,4.373348365,0.134380454
"2020.2.15","토요일",1045,203574,4.599443818,0.0526315789
"2020.2.17","월요일",1174,338920.2,4.991198797,0.0953895072
"2020.2.18","화요일",1010,184277.8,4.9495528,0.08538163
"2020.2.19","수요일",1035,180147,5.004509583,0.112380952
"2020.2.20","목요일",1116,311000.2,4.837647501,0.156996587
"2020.2.21","금요일",1135,301399,1.101292747,0.137614679
"2020.2.22","토요일",1219,268978,5.387726419,0.0862068966
"2020.2.24","월요일",1138,410587.2,1.240217963,0.09375
"2020.2.25","화요일",1057,383483.4,5.913972191,0.0765606596
"2020.2.26","수요일",1142,401732.5,6.326636603,0.132240437
"2020.2.27","목요일",1118,252269,6.543930853,0.110429448
"2020.2.28","금요일",1131,306700,6.816595265,0.125813449
"2020.2.29","토요일",1205,276750,7.74789177,0.0537634409
"2020.3.2","월요일",1224,421950.8,7.472814731,0.100628931
"2020.3.3","화요일",1144,308634.5,7.553025179,0.1003861
"2020.3.4","수요일",1229,415452,7.467358136,0.103519669
"2020.3.5","목요일",1219,335561,2.317730177,0.140461216
"2020.3.6","금요일",1244,331397.5,6.641307779,0.105943152
"2020.3.7","토요일",1154,254439.8,3.213198046,0.0934579439
"2020.3.9","월요일",1195,347346.6,4.697211575,0.122180451
"2020.3.10","화요일",1164,362038,6.872078166,0.101851852
"2020.3.11","수요일",1087,254845.8,7.106538895,0.132352941
"2020.3.12","목요일",1125,253064,6.197542277,0.120777027
"2020.3.13","금요일",1288,336520,6.164006013,0.0819954128
"2020.3.14","토요일",1430,308645.8,6.160533634,0.0784313725
"2020.3.16","월요일",1302,493085.4,6.262435175,0.0988274707
"2020.3.17","화요일",1339,398708.8,5.330454716,0.121212121
"2020.3.18","수요일",1376,269784.8,3.614393085,0.112456747
"2020.3.19","목요일",1321,297921.1,2.867959414,0.103896104
"2020.3.20","금요일",1414,285274.8,2.696557685,0.131274131
"2020.3.21","토요일",1448,213836,0.346997369,0.120218579
"2020.3.23","월요일",1548,336314.6,0.34274333,0.174876847
"2020.3.24","화요일",1440,309106.2,0.346997369,0.152509653
"2020.3.25","수요일",1513,301069.2,0.246944758,0.106382979
"2020.3.26","목요일",1624,260353.8,4.533799324,0.100917431
"2020.3.27","금요일",1567,282982.2,5.336309658,0.139941691
"2020.3.28","토요일",1424,164207.8,5.592874859,0.0491803279
"2020.3.30","월요일",1908,398652,5.639969936,0.108312343
"2020.3.31","화요일",1674,359503.8,5.460323187,0.0923076923
"2020.4.1","수요일",1716,371067,5.98375047,0.121212121
"2020.4.2","목요일",1796,341795.6,5.823720406,0.0956399437
"2020.4.3","금요일",1639,372113,5.816850808,0.108641975
"2020.4.4","토요일",1243,199475.8,1.606583991,0.0725388601
"2020.4.6","월요일",1798,392831.3,4.944622322,0.0966587112
"2020.4.7","화요일",1404,380165,1.292085682,0.116328709
"2020.4.8","수요일",1400,457832,0.810807967,0.094017094
"2020.4.9","목요일",1405,342946.9,0.446719278,0.102689487
"2020.4.10","금요일",1548,395855.3,0.117151447,0.117647059
"2020.4.11","토요일",1128,142315.8,1.872694476,0.141242938
"2020.4.13","월요일",1470,433134.1,1.52882375,0.103964758
"2020.4.14","화요일",1334,347823,1.52882375,0.126346016
"2020.4.15","수요일",1309,333625,1.52882375,0.119089317
"2020.4.16","목요일",1278,303571.7,1.499842165,0.12817552
"2020.4.17","금요일",1235,229199.8,5.267087561,0.119001919
"2020.4.18","토요일",1168,133499,5.472243517,0.081300813
"2020.4.20","월요일",1718,446333.4,5.614896655,0.099908341
"2020.4.21","화요일",1596,321671.2,4.202254791,0.148339483
"2020.4.22","수요일",1484,458048,5.596001503,0.125726744
"2020.4.23","목요일",1472,371507,4.195903796,0.154867257
"2020.4.24","금요일",1408,294506.2,4.176377302,0.11774461
"2020.4.25","토요일",1314,186947,4.194490793,0.0977443609
"2020.4.27","월요일",1622,539188.4,0.439842165,0.0741410488
"2020.4.28","화요일",1549,511959,4.05264938,0.107549858
"2020.4.29","수요일",1363,377993.2,0.236497557,0.100977199
"2020.4.30","목요일",1349,344318,0.259413754,0.129471891
"2020.5.1","금요일",1342,291912.8,0.056700489,0.149842271
"2020.5.2","토요일",1246,150009.8,1.308117249,0.106666667
"2020.5.4","월요일",1495,520196,1.311739947,0.111390285
"2020.5.5","화요일",1235,450546.5,1.404704998,0.124280783
"2020.5.6","수요일",1234,429930.8,1.384862834,0.092481203
"2020.5.7","목요일",1155,403861,1.404704998,0.0833333333
"2020.5.8","금요일",1109,258034.8,1.775182262,0.131921824
"2020.5.9","토요일",985,144605.8,12.28548666,0.134020619
"2020.5.11","월요일",1160,380585.9,12.30155581,0.161585366
"2020.5.12","화요일",1250,426190.2,11.12254791,0.163875598
"2020.5.13","수요일",1205,367096.4,12.37097332,0.135422827
"2020.5.14","목요일",1237,393342.3,11.01146937,0.118266979
"2020.5.15","금요일",1176,311458,16.05937617,0.120341615
"2020.5.16","토요일",935,213738.4,16.26041338,0.105504587
"2020.5.18","월요일",1201,363758.2,19.60371289,0.142857143
"2020.5.19","화요일",1151,438565.5,12.61550545,0.124056095
"2020.5.20","수요일",1098,312556.1,22.91504697,0.105402542
"2020.5.21","목요일",1096,321371.2,12.34777151,0.111664296
"2020.5.22","금요일",1100,362586.9,12.48187148,0.112219451
"2020.5.23","토요일",1198,180390,12.42458474,0
"2020.5.25","월요일",1263,398419.8,7.491003382,0.099929627
"2020.5.26","화요일",1116,458705,12.27977452,0.119455645
"2020.5.27","수요일",1080,433048.6,3.90007516,0.115583669
"2020.5.28","목요일",1213,347693.4,4.233273206,0.122683142
"2020.5.29","금요일",1109,412596.2,3.381465614,0.106308411
"2020.5.30","토요일",953,147014,0.543915821,0.100719424
"2020.6.1","월요일",1273,479480.9,0.283269448,0.11406578
"2020.6.2","화요일",1131,388315.5,0.374340474,0.133200399
"2020.6.3","수요일",1185,335764.8,0.466696731,0.124893978
"2020.6.4","목요일",1160,308606.5,0.299270951,0.129333333
"2020.6.5","금요일",1190,459261.5,0.452912439,0.115592366
"2020.6.6","토요일",1097,163045,0.37481398,0.118622449
"2020.6.8","월요일",1201,485320,0.381691094,0.13486408
"2020.6.9","화요일",1126,365716,0.31207065,0.111000663
"2020.6.10","수요일",1122,221468,2.04947764,0.128282828
"2020.6.11","목요일",1112,425598.7,3.555182262,0.13662617
"2020.6.12","금요일",1228,359413.1,4.904366779,0.137394686
"2020.6.13","토요일",1079,169585.8,12.95836152,0.131313131
"2020.6.15","월요일",1208,283486.6,12.80608042,0.127610966
"2020.6.16","화요일",1082,392232.2,12.71541526,0.117894737
"2020.6.17","수요일",1134,267341,14.10090943,0.14179259
"2020.6.18","목요일",1146,370639.6,19.76144307,0.124185942
"2020.6.19","금요일",1169,273142,18.68718527,0.116692831
"2020.6.20","토요일",1034,143881.4,18.82970312,0.117136659
"2020.6.22","월요일",1191,404358.6,17.18169109,0.128391167
"2020.6.23","화요일",1100,311701.5,9.199466366,0.122899664
"2020.6.24","수요일",1019,341834,24.7967531,0.120279146
"2020.6.25","목요일",1088,247403.4,19.49807591,0.119178585
"2020.6.26","금요일",1120,304622.4,18.24447952,0.122478915
"2020.6.27","토요일",1050,159380.6,14.00105975,0.111205433
"2020.6.29","월요일",1205,363116.4,27.05919579,0.130569948
"2020.6.30","화요일",1275,318394.5,30.75215333,0.121056782
"2020.7.1","수요일",1214,321747.5,30.44859827,0.117221418
"2020.7.2","목요일",1143,340227,30.47906802,0.107706592
"2020.7.3","금요일",1278,317510,24.05601654,0.142246903
"2020.7.4","토요일",996,165194,30.74045847,0.170454545
"2020.7.6","월요일",1333,519002,27.34638858,0.129193433
"2020.7.7","화요일",1228,304827,29.20475761,0.109291698
"2020.7.8","수요일",1183,330547,20.13188275,0.110164981
"2020.7.9","목요일",1326,258840,21.1382112,0.117382413
"2020.7.10","금요일",1266,319307.4,31.26608794,0.133529701
"2020.7.11","토요일",910,118570,23.30528373,0.122605364
"2020.7.13","월요일",1377,394652.6,33.62027057,0.116385473
"2020.7.14","화요일",1096,271305.5,38.63494927,0.122618466
"2020.7.15","수요일",1242,337936,33.12610297,0.131972789
"2020.7.16","목요일",1321,351133.4,31.80137542,0.131478659
"2020.7.17","금요일",1240,328840.6,33.29194288,0.112011791
"2020.7.18","토요일",1105,136451,28.07134912,0.113801453
"2020.7.20","월요일",1320,415432.4,18.62840286,0.122010737
"2020.7.21","화요일",1253,292881,28.89073281,0.129682997
"2020.7.22","수요일",1207,256246.2,10.13828636,0.134689922
"2020.7.23","목요일",1136,191531.4,32.55825629,0.117353308
"2020.7.24","금요일",1216,259101.4,27.30167606,0.133196721
"2020.7.25","토요일",889,97319.5,27.47678316,0.118012422
"2020.7.27","월요일",1355,401521.3,33.4408493,0.106687898
"2020.7.28","화요일",1197,324622,36.27446825,0.0882072473
"2020.7.29","수요일",1157,300018.2,39.72015032,0.0915168623
"2020.7.30","목요일",1251,283843.1,42.90472003,0.0981788079
"2020.7.31","금요일",1276,281501,38.35706126,0.0932951563
"2020.8.1","토요일",1290,38460,32.22921458,0.0990225244
"2020.8.3","월요일",1291,432970,37.31178504,0.0998527246
"2020.8.4","화요일",1312,275716.5,33.28387073,0.0924163642
"2020.8.5","수요일",1291,290076,28.44136039,0.0895698291
"2020.8.6","목요일",1229,221456.5,34.48666667,0.0629767442
"2020.8.7","금요일",1295,287560,33.00481774,0.10075188
"2020.8.8","토요일",1271,151828,41.1313867,0.0956730769
"2020.8.10","월요일",1419,369415.5,47.00909433,0.104872252
"2020.8.11","화요일",1284,303597.8,48.19191281,0.120626853
"2020.8.12","수요일",1316,259157.8,46.52891394,0.11023622
"2020.8.13","목요일",1247,300705,44.56341977,0.0951595693
"2020.8.14","금요일",1328,303611.2,40.05869974,0.0929160263
"2020.8.15","토요일",1263,144071.2,37.79033446,0.105137964
"2020.8.17","월요일",1424,429288.4,32.61164224,0.0919366993
"2020.8.18","화요일",1337,348994.2,21.88798196,0.109074934
"2020.8.19","수요일",1286,266914.5,20.65270199,0.0960041515
"2020.8.20","목요일",1283,265619.4,10.37111612,0.0960428109
"2020.8.21","금요일",1204,276982.2,9.570762871,0.0890975721
"2020.8.22","토요일",1167,128958.8,7.388493048,0.0847573479
"2020.8.24","월요일",1424,346292.4,6.172717024,0.0928853755
"2020.8.25","화요일",1271,312576.2,5.512093198,0.0891573794
"2020.8.26","수요일",1299,343227,14.64900413,0.102976567
"2020.8.27","목요일",1337,239124,14.7432469,0.0975504942
"2020.8.28","금요일",1318,224514.8,16.9148215,0.0915422886
"2020.8.29","토요일",1273,127220.2,18.18679444,0.093124456
"2020.8.31","월요일",1547,304590.8,18.13345359,0.092305463
"2020.9.1","화요일",1279,315948,15.40453213,0.11526695
"2020.9.2","수요일",1336,373705.5,41.74786171,0.0796314125
"2020.9.3","목요일",1431,314943,47.09452837,0.0932024169
"2020.9.4","금요일",1363,259282,41.5074333,0.09835336
"2020.9.5","토요일",1152,182499,46.86342728,0.10460251
"2020.9.7","월요일",1700,314554,58.75784292,0.0808871494
"2020.9.8","화요일",1651,261585,57.11064262,0.0915999178
"2020.9.9","수요일",1459,297368,57.25939872,0.117384196
"2020.9.10","목요일",1910,393783.4,56.21490417,0.106390907
"2020.9.11","금요일",1484,281195.2,33.17224352,0.0891562002
"2020.9.12","토요일",1584,197896.6,49.37819617,0.0776744186
"2020.9.14","월요일",1710,356381.6,35.53353626,0.0992268041
"2020.9.15","화요일",1750,351801.8,23.47278467,0.0917095863
"2020.9.16","수요일",1803,408399,8.60472003,0.0973005815
"2020.9.17","목요일",1702,366091,27.75790304,0.104848552
"2020.9.18","금요일",1909,383874.2,8.814580985,0.112158603
"2020.9.19","토요일",1289,125881.6,9.708560691,0.119373479
"2020.9.21","월요일",2042,502229.6,7.835633221,0.13583948
"2020.9.22","화요일",1897,464411,6.241991732,0.123792648
"2020.9.23","수요일",1792,408298,7.77934611,0.132947679
"2020.9.24","목요일",1565,423233.2,6.020232995,0.136688346
"2020.9.25","금요일",1773,400527.2,5.326877114,0.126699929
"2020.9.26","토요일",1405,187076.2,4.516076663,0.122793079
"2020.9.28","월요일",2001,422012.6,5.13222097,0.12633618
