date,요일,가격,대파거래량,대파_가중_강수량,군산대_s1
2016.1.4,월요일,1716,994328.1,0,0.4
2016.1.5,화요일,1715,787716,1.099618029,0.841584158
2016.1.6,수요일,1620,793584.9,0,0.545454545
2016.1.7,목요일,1545,733312,0,0.454545455
2016.1.8,금요일,1488,797767.3,0.069200407,0.647058824
2016.1.9,토요일,1433,739213,0,0.636363636
2016.1.11,월요일,1323,904317.5,0,0.2
2016.1.12,화요일,1321,773384.3,0.016590272,0.375
2016.1.13,수요일,1263,657071.5,1.100891266,0.166666667
2016.1.14,목요일,1361,583850.6,0.143786606,0.263157895
2016.1.15,금요일,1335,678290.4,0.0710466,0.692307692
2016.1.16,토요일,1339,611784.6,0.025210084,-1
2016.1.18,월요일,1403,755733.9,1.169404125,0.625
2016.1.19,화요일,1777,529474.1,1.584033613,0.6
2016.1.20,수요일,1894,569452.9,0.041303794,0.833333333
2016.1.21,목요일,1841,557564,0.011229947,0.333333333
2016.1.22,금요일,1724,598422.6,0,1
2016.1.23,토요일,1959,600638,2.198637637,1
2016.1.25,월요일,2499,579110.2,0.74671505,0.6
2016.1.26,화요일,2333,547262.1,0.106850013,0.4
2016.1.27,수요일,2460,551575.4,0,0.777777778
2016.1.28,목요일,2638,519336.6,9.723885918,1
2016.1.29,금요일,2830,626963.3,9.720932009,-0.0434782609
2016.1.30,토요일,2707,745377.4,0.726203209,1
2016.2.1,월요일,2808,963747.4,0.005614973,0.217391304
2016.2.2,화요일,2756,758910,0,0.909090909
2016.2.3,수요일,2664,873423.4,0,0.923076923
2016.2.4,목요일,2855,779112.3,0,0.6
2016.2.5,금요일,2990,901355.1,0,0.473684211
2016.2.6,토요일,2550,909954.9,0.748472116,-0.333333333
2016.2.10,수요일,1716,2432,0,1
2016.2.11,목요일,2136,700731.7,0.33789152,1
2016.2.12,금요일,2187,568000.8,25.90932009,0.692307692
2016.2.13,토요일,1971,696799.1,12.9421314,0
2016.2.15,월요일,1627,861391.4,0.422956455,0.666666667
2016.2.16,화요일,1882,561292.9,0.487751464,0
2016.2.17,수요일,2080,570204.2,0.041303794,0.921568627
2016.2.18,목요일,2217,622814.1,0.054991087,0.818181818
2016.2.19,금요일,2145,730131.8,0.062133944,NA
2016.2.20,토요일,2260,769616.2,0.013330787,NA
2016.2.22,월요일,2247,788692.3,0.154494525,0.657142857
2016.2.23,화요일,2277,708152.5,0.214272982,0.846153846
2016.2.24,수요일,2151,731673.5,0.385816145,0.835443038
2016.2.25,목요일,2000,628159.8,0,0.8
2016.2.26,금요일,1988,701666.3,0.674586198,0.125
2016.2.27,토요일,1873,669296.4,1.024879043,0.6
2016.2.29,월요일,1985,780282.5,0.400687548,0.666666667
2016.3.1,화요일,2090,629883.8,0,0.555555556
2016.3.2,수요일,2045,667019.6,0,0.578947368
2016.3.3,목요일,2067,643910.9,0.03368984,0.555555556
2016.3.4,금요일,2140,678520.6,9.82083015,1
2016.3.5,토요일,2262,681986.4,32.3193532,1
2016.3.7,월요일,2164,832487.3,0,1
2016.3.8,화요일,2045,728855.1,6.025044563,0.945205479
2016.3.9,수요일,2007,698994,3.502521008,0.0909090909
2016.3.10,목요일,2032,646020.8,0.050560224,0.666666667
2016.3.11,금요일,1974,722900.8,0,0.555555556
2016.3.12,토요일,1870,726080.7,0,NA
2016.3.14,월요일,1843,829915.6,0.078558696,0.4
2016.3.15,화요일,1938,702816.4,0,0.875
2016.3.16,수요일,1878,680644.9,0,0.428571429
2016.3.17,목요일,1958,705685.6,0.37868602,0.0909090909
2016.3.18,금요일,1929,710179.6,9.584173669,0.75
2016.3.19,토요일,1814,711700.9,0,1
2016.3.21,월요일,1577,843413.3,0,0.6
2016.3.22,화요일,1662,687034.6,0,0.565217391
2016.3.23,수요일,1549,743489.5,0.541520244,0.882352941
2016.3.24,목요일,1616,653269.6,0.10118411,0
2016.3.25,금요일,1466,721061.4,0.128405908,0.333333333
2016.3.26,토요일,1409,667041.5,0.131168831,NA
2016.3.28,월요일,1627,689665.6,0,1
2016.3.29,화요일,1884,633544,0.072345302,0.75
2016.3.30,수요일,1831,637577.6,0,1
2016.3.31,목요일,1815,652826.7,0.001871658,0
2016.4.1,금요일,1592,688855.3,0,0.5
2016.4.2,토요일,1549,653035.1,0,1
2016.4.4,월요일,1652,726274.7,1.338057041,0.583333333
2016.4.5,화요일,1646,651358,0,0.666666667
2016.4.6,수요일,1679,664197,14.25537306,0.684210526
2016.4.7,목요일,1706,664716.5,18.93818436,0
2016.4.8,금요일,1935,555891.9,0,0.8
2016.4.9,토요일,1666,636846.5,0.034708429,0.333333333
2016.4.11,월요일,1846,755185.7,0.116832187,0.5
2016.4.12,화요일,1845,629117.1,1.040603514,0.75
2016.4.13,수요일,1694,666166.6,13.32691622,0.333333333
2016.4.14,목요일,1770,583153,0,0.928571429
2016.4.15,금요일,1654,647853.4,0,0.466666667
2016.4.16,토요일,1575,653884.5,37.71070792,NA
2016.4.18,월요일,1593,728405.9,1.381856379,0.166666667
2016.4.19,화요일,1674,634998.9,0.015711739,0.333333333
2016.4.20,수요일,1555,663802.1,1.019200407,0.384615385
2016.4.21,목요일,1605,648601.4,30.18152534,0.333333333
2016.4.22,금요일,1537,618366.6,0,1
2016.4.23,토요일,1403,665541.2,0.043048128,1
2016.4.25,월요일,1432,742280.3,0,NA
2016.4.26,화요일,1456,639570.2,3.340832697,0.8
2016.4.27,수요일,1451,626974.7,30.7210848,0.333333333
2016.4.28,목요일,1496,549751.1,3.334313725,0.833333333
2016.4.29,금요일,1590,547556.3,0.050585689,0.5
2016.4.30,토요일,1866,481936.6,0,1
2016.5.2,월요일,1836,738463.5,12.74828113,0.2
2016.5.3,화요일,1837,623352.6,29.63866819,0.6
2016.5.4,수요일,1888,586651.2,0.163496308,0.6
2016.5.5,목요일,1669,651482.7,1.69096002,NA
2016.5.6,금요일,1484,601030.7,3.195798319,1
2016.5.7,토요일,1422,553076.9,0,NA
2016.5.9,월요일,1560,648826.4,0.516883117,0.842105263
2016.5.10,화요일,1699,640020.8,21.57384772,0.636363636
2016.5.11,수요일,1687,576989.7,0.487547746,0.333333333
2016.5.12,목요일,1554,610662.2,0,1
2016.5.13,금요일,1506,663915.7,0.059103641,0.941176471
2016.5.14,토요일,1430,622729.7,0,0.333333333
2016.5.16,월요일,1475,632516.2,4.991431118,0.534883721
2016.5.17,화요일,1466,601385.8,0,0.76
2016.5.18,수요일,1395,588664.3,0,0.789473684
2016.5.19,목요일,1303,622884.4,0,0.142857143
2016.5.20,금요일,1268,606709.1,0,0.142857143
2016.5.21,토요일,1173,558728.1,0,NA
2016.5.23,월요일,1368,563636.1,0.017354214,0.625
2016.5.24,화요일,1572,537330.1,25.2048001,0.703703704
2016.5.25,수요일,1734,527056.7,0,0.673469388
2016.5.26,목요일,1534,557434.7,0.068092692,0.733333333
2016.5.27,금요일,1352,586916.5,0.318105424,0.555555556
2016.5.28,토요일,1467,528938.6,1.141074612,NA
2016.5.30,월요일,1529,584209.6,0,0.8
2016.5.31,화요일,1538,573756.5,0,0.619047619
2016.6.1,수요일,1425,593074,0,0.523809524
2016.6.2,목요일,1230,582281.3,0.023567609,0.428571429
2016.6.3,금요일,1321,553553.6,0.023567609,0.666666667
2016.6.4,토요일,1329,514121.3,6.827336389,NA
2016.6.6,월요일,1443,503733.2,0.465317036,0.266666667
2016.6.7,화요일,1377,605623.5,0.526572447,0.407407407
2016.6.8,수요일,1274,584349.3,0.594308633,0.742857143
2016.6.9,목요일,1241,594516,0,0.836734694
2016.6.10,금요일,1143,582308.9,0,0.947368421
2016.6.11,토요일,1206,534959.2,2.164349376,0.666666667
2016.6.13,월요일,1229,615820.7,0.094805195,0.555555556
2016.6.14,화요일,1141,610851.1,0.407906799,0.674418605
2016.6.15,수요일,1137,577230.5,5.516488414,0.578947368
2016.6.16,목요일,1149,516869.3,0.619365928,0.142857143
2016.6.17,금요일,1088,570654.5,0,0.538461538
2016.6.18,토요일,1053,547263.7,1.604660046,NA
2016.6.20,월요일,1249,582692.8,12.12818946,0.25
2016.6.21,화요일,1300,599829.3,0.290590782,NA
2016.6.22,수요일,1242,581014,12.36578813,0.428571429
2016.6.23,목요일,1151,563842.4,0.098446651,NA
2016.6.24,금요일,1056,552351.6,34.97206519,0.625
2016.6.25,토요일,1119,441099.6,0,1
2016.6.27,월요일,1127,628489.2,1.832785842,1
2016.6.28,화요일,989,618579.3,1.664043799,0.6
2016.6.29,수요일,913,602519.8,2.735103132,0.272727273
2016.6.30,목요일,911,562750.2,1.013483575,0.454545455
2016.7.1,금요일,1025,496949.5,62.80892539,0.857142857
2016.7.2,토요일,1201,460996.4,28.4995671,0.333333333
2016.7.4,월요일,1298,606462.2,39.38405908,0.818181818
2016.7.5,화요일,1260,557212.3,46.04903234,0.285714286
2016.7.6,수요일,1061,550406.5,16.19442322,0.333333333
2016.7.7,목요일,1015,497331.5,0.549796282,1
2016.7.8,금요일,932,562561.4,2.530735931,0.769230769
2016.7.9,토요일,801,565319.3,0.01157372,1
2016.7.11,월요일,961,574644,2.563279857,0.555555556
2016.7.12,화요일,965,583428.8,19.2921696,0.818181818
2016.7.13,수요일,984,496569.1,0.569786096,0.578947368
2016.7.14,목요일,906,576590.9,2.773720397,0.411764706
2016.7.15,금요일,829,569515.8,0.817201426,1
2016.7.16,토요일,988,515865.4,31.57235803,0.333333333
2016.7.18,월요일,1213,495633.6,0.046600458,0.714285714
2016.7.19,화요일,944,640918.7,0.109638401,0.529411765
2016.7.20,수요일,853,644030.4,0.053514133,0.789473684
2016.7.21,목요일,699,606923.6,0,1
2016.7.22,금요일,736,569529.5,0,0.5
2016.7.23,토요일,767,508106.8,1.650445633,NA
2016.7.25,월요일,917,540896.1,2.445594601,0.388888889
2016.7.26,화요일,810,589653.3,0.018716578,0.363636364
2016.7.27,수요일,767,562606.7,1.474586198,0.75
2016.7.28,목요일,860,501002.1,0.893366437,0.6
2016.7.29,금요일,861,489444.6,11.06297428,0.304347826
2016.7.30,토요일,992,382650,3.165711739,NA
2016.8.1,월요일,1121,508693.9,1.72438248,1
2016.8.2,화요일,1064,520813.8,1.44246244,0
2016.8.3,수요일,1081,512254.2,1.864298447,NA
2016.8.4,목요일,1099,587958,1.07486631,1
2016.8.5,금요일,1598,534537.4,0.385357779,0.625
2016.8.6,토요일,1358,118396.6,0.906531704,0.6
2016.8.8,월요일,1578,633266.1,3.92438248,0.5
2016.8.9,화요일,1112,652656,0.457512096,0.846153846
2016.8.10,수요일,932,583927.9,0,0
2016.8.11,목요일,930,534345.2,0,0.894736842
2016.8.12,금요일,952,555524.9,0,0.333333333
2016.8.13,토요일,1119,486504,0,0
2016.8.15,월요일,1320,485318.9,2.393888464,1
2016.8.16,화요일,1307,539491,1.501769799,0.36
2016.8.17,수요일,1355,534369.2,0.66232493,0.517241379
2016.8.18,목요일,1576,470750.9,0.289330278,0.80952381
2016.8.19,금요일,1434,549061.4,0.776012223,0.741935484
2016.8.20,토요일,1480,525219.2,0.226279603,1
2016.8.22,월요일,1389,606516.9,0.319149478,0.457142857
2016.8.23,화요일,1337,582346.6,2.691303794,0.578947368
2016.8.24,수요일,1326,569781,0.061955691,0.625
2016.8.25,목요일,1321,557533.9,3.114311179,0.65
2016.8.26,금요일,1379,560203.2,12.41674306,NA
2016.8.27,토요일,1600,455128.5,1.360071301,1
2016.8.29,월요일,1791,589350.5,3.241061879,0.588235294
2016.8.30,화요일,1782,605512.4,0.948370257,0.652173913
2016.8.31,수요일,1858,631004.9,7.604558187,0.333333333
2016.9.1,목요일,1942,606211.2,1.128545964,0.170731707
2016.9.2,금요일,1922,697038.8,18.82834225,0.777777778
2016.9.3,토요일,1984,656332.8,7.314896868,0.0769230769
2016.9.5,월요일,1706,895350.1,1.308135982,0.826086957
2016.9.6,화요일,1573,781826.5,0,0.666666667
2016.9.7,수요일,1361,805943.9,0.695645531,0.481481481
2016.9.8,목요일,1192,738882.4,2.750038197,0.756097561
2016.9.9,금요일,1233,727312.9,1.32846957,0.395348837
2016.9.10,토요일,1202,714677.6,3.680723198,NA
2016.9.12,월요일,1439,789670.3,6.316730328,0.324675325
2016.9.13,화요일,2202,789949.2,0.031423478,0.68627451
2016.9.14,수요일,2231,421061.3,0.032925898,0.6
2016.9.17,토요일,3182,2396,88.38525592,NA
2016.9.19,월요일,1530,737716.2,0.345034377,0.555555556
2016.9.20,화요일,1791,651265.2,0,0.52173913
2016.9.21,수요일,2095,607462.1,0,0.673469388
2016.9.22,목요일,1915,623238.4,0.016959511,0.616438356
2016.9.23,금요일,1744,671723.2,0,0.524752475
2016.9.24,토요일,1524,612269.8,0,0.416666667
2016.9.26,월요일,1555,673648.9,1.911764706,0.559322034
2016.9.27,화요일,1557,669771.8,5.425426534,0.633333333
2016.9.28,수요일,1604,578699.2,9.239330278,0.555555556
2016.9.29,목요일,1431,591521.2,1.445161701,0.533333333
2016.9.30,금요일,1395,609556.7,21.62820219,0.592592593
2016.10.1,토요일,1436,560209.2,5.365189712,0.6
2016.10.3,월요일,1923,549162,11.5846957,0.666666667
2016.10.4,화요일,1678,586382.2,1.840132417,0.717948718
2016.10.5,수요일,1645,640951,55.22664884,0.807017544
2016.10.6,목요일,1978,497591.2,0.062846957,0.48
2016.10.7,금요일,1684,624897.7,8.406226127,0.5
2016.10.8,토요일,1729,621372.4,28.4697861,0.466666667
2016.10.10,월요일,1801,663207.6,0,0.358490566
2016.10.11,화요일,1786,687843.9,0,0.571428571
2016.10.12,수요일,1661,635645.5,0.015711739,0.333333333
2016.10.13,목요일,1614,622370.5,0,0.75
2016.10.14,금요일,1547,627668.9,0,0.45
2016.10.15,토요일,1587,555130.5,0,0.384615385
2016.10.17,월요일,1651,610154,0.423554876,0.444444444
2016.10.18,화요일,1627,613389.4,0.039279348,0.25
2016.10.19,수요일,1529,609324.4,0,0.666666667
2016.10.20,목요일,1500,609795.5,0.102126305,0.84
2016.10.21,금요일,1443,596343.4,1.186567354,0.632653061
2016.10.22,토요일,1472,583955,1.04311179,NA
2016.10.24,월요일,1644,619014.9,0.07841864,0.538461538
2016.10.25,화요일,1711,625350.5,15.44837026,0.304347826
2016.10.26,수요일,2067,468590.2,0.190145149,0.246753247
2016.10.27,목요일,1668,611716.7,0.014629488,0.490196078
2016.10.28,금요일,1595,611153.1,6.47223071,0.647058824
2016.10.29,토요일,1711,623730.7,1.014349376,1
2016.10.31,월요일,1668,680578.2,0.672256175,0.591836735
2016.11.1,화요일,1684,597649,0,0.58974359
2016.11.2,수요일,1731,581036.2,0.104125286,0.6875
2016.11.3,목요일,1816,596652.8,0.107435702,0.449275362
2016.11.4,금요일,1802,641191.4,0,0.578947368
2016.11.5,토요일,1764,647148,0.267099567,0.333333333
2016.11.7,월요일,1636,716314.5,1.630061115,0.519230769
2016.11.8,화요일,1758,642042.7,2.300178253,0.473684211
2016.11.9,수요일,1690,649749.4,0,0.44
2016.11.10,목요일,1651,639692.5,4.137713267,0.5
2016.11.11,금요일,1829,600312.9,1.234046346,0.147540984
2016.11.12,토요일,1842,624767.6,0,1
2016.11.14,월요일,1904,689599.6,4.636541889,NA
2016.11.15,화요일,1971,648202.8,0,0.829787234
2016.11.16,수요일,1932,671013.8,0,0.947368421
2016.11.17,목요일,1907,640590.5,0,0.433962264
2016.11.18,금요일,2075,638563,17.28899924,0.333333333
2016.11.19,토요일,2042,690122.2,1.15925643,0.636363636
2016.11.21,월요일,1995,767681.1,0.263419913,0.263157895
2016.11.22,화요일,1976,697495.8,0.922561752,0.272727273
2016.11.23,수요일,2037,673630.1,0.036325439,0.4
2016.11.24,목요일,2118,682145.6,0.001871658,0.777777778
2016.11.25,금요일,2035,672042.7,0,0.375
2016.11.26,토요일,1885,703351.6,4.005143876,1
2016.11.28,월요일,1815,717006.3,0,0.296296296
2016.11.29,화요일,1824,676332.9,0.06065699,1
2016.11.30,수요일,1800,651334.4,2.450305577,0.5
2016.12.1,목요일,1761,669703.8,0.089330278,0.777777778
2016.12.2,금요일,1861,649008.1,0,1
2016.12.3,토요일,1972,584636.8,0,NA
2016.12.5,월요일,1929,749440.2,0.190056022,1
2016.12.6,화요일,2095,617504.9,0,0.823529412
2016.12.7,수요일,2148,638786.2,0.092360581,0.642857143
2016.12.8,목요일,2177,613453.2,1.923274764,0.733333333
2016.12.9,금요일,2058,671976.3,1.245238095,0.666666667
2016.12.10,토요일,1976,677753,0,1
2016.12.12,월요일,1888,753408.6,0.487254902,0.862068966
2016.12.13,화요일,1895,665991.9,0.483027757,0.333333333
2016.12.14,수요일,1879,682538.8,2.163152534,0.348837209
2016.12.15,목요일,1995,615741,0.121161192,0.304347826
2016.12.16,금요일,1986,646481.9,0.013101604,0.5
2016.12.17,토요일,1859,711529,0,1
2016.12.19,월요일,1916,728744.7,8.099503438,0.692307692
2016.12.20,화요일,1852,682155.6,0.009587471,0.571428571
2016.12.21,수요일,1841,666256.5,26.40249554,-0.0526315789
2016.12.22,목요일,1860,653104,13.65453272,0.428571429
2016.12.23,금요일,1845,658063.7,0.711153552,0.777777778
2016.12.24,토요일,1840,574500.1,0,0.6
2016.12.26,월요일,1877,713331.2,11.31990069,0.363636364
2016.12.27,화요일,1961,692927.9,2.719047619,0.636363636
2016.12.28,수요일,1987,666174.5,0,0.857142857
2016.12.29,목요일,1953,700296.9,0.221721416,1
2016.12.30,금요일,2019,715877.3,0,0.5
2016.12.31,토요일,2063,744947.4,0.010325949,0.375
2017.1.2,월요일,2090,137538.1,0.08766,0.222222222
2017.1.3,화요일,1981,960758.6,0,0.243243243
2017.1.4,수요일,2029,792801.6,0,0.222222222
2017.1.5,목요일,1854,842077.2,1.76885,0.866666667
2017.1.6,금요일,1815,804200,0.17896,1
2017.1.7,토요일,1640,794772.7,0.78214,-0.333333333
2017.1.9,월요일,1768,837354.9,0.09918,0.636363636
2017.1.10,화요일,1659,868972.1,0.0066,0.3125
2017.1.11,수요일,1706,738994.2,0.03204,-0.333333333
2017.1.12,목요일,1621,798703.6,0.17647,-0.333333333
2017.1.13,금요일,1563,819495.1,0.27642,0.924528302
2017.1.14,토요일,1611,686495.6,0.06613,0.777777778
2017.1.16,월요일,1772,846140.2,0,0.894736842
2017.1.17,화요일,1714,832286.1,0,1
2017.1.18,수요일,1693,836283.7,0,0.764705882
2017.1.19,목요일,1710,877808.3,0,0.2
2017.1.20,금요일,1775,831342,4.62506,0.6
2017.1.21,토요일,1872,756617.1,0.74961,0
2017.1.23,월요일,1998,1013239,0.11134,0.368421053
2017.1.24,화요일,1925,900637.6,0,0.555555556
2017.1.25,수요일,1797,960661.8,0,0.818181818
2017.1.26,목요일,1822,969430.4,0.1035,0.6
2017.1.27,금요일,1581,530866.5,1.3309,0.666666667
2017.1.31,화요일,1828,133313,0,0.333333333
2017.2.1,수요일,1717,783049.5,0,0.538461538
2017.2.2,목요일,1819,666148.8,0,0.125
2017.2.3,금요일,1798,689073.2,0,0.666666667
2017.2.4,토요일,1739,733620,2.12191,0.333333333
2017.2.6,월요일,1720,873921.8,0,0.724137931
2017.2.7,화요일,1722,711363.6,0,0.393939394
2017.2.8,수요일,1739,712709.4,0.06266,0.733333333
2017.2.9,목요일,1775,685390.5,0.19635,0.444444444
2017.2.10,금요일,1923,684269.4,1.25114,0.7
2017.2.11,토요일,1993,594516.7,0.23396,0.6
2017.2.13,월요일,1863,794876.8,0.2021,0.2
2017.2.14,화요일,1912,678207.5,0.01461,0.567567568
2017.2.15,수요일,1795,762540.7,0,0.428571429
2017.2.16,목요일,1848,666804.3,2.14066,1
2017.2.17,금요일,1814,730420.6,1.75278,NA
2017.2.18,토요일,1790,748967.6,0,0.25
2017.2.20,월요일,1870,774544.9,4.12335,0.0769230769
2017.2.21,화요일,1897,683549.8,0,0.238095238
2017.2.22,수요일,1927,694106.8,17.18585,0.666666667
2017.2.23,목요일,2087,600446.6,0,0.333333333
2017.2.24,금요일,2029,642459.7,0,-0.333333333
2017.2.25,토요일,2039,703758.1,0,1
2017.2.27,월요일,2043,805604.1,0.04216,0.428571429
2017.2.28,화요일,2005,825618.7,0,NA
2017.3.1,수요일,2296,646826.4,2.42397,0.333333333
2017.3.2,목요일,2498,646757.5,2.05097,0.62962963
2017.3.3,금요일,2541,684023.8,0,0
2017.3.4,토요일,2361,765361.5,0,1
2017.3.6,월요일,2551,822845.9,0.36499,0.0588235294
2017.3.7,화요일,2609,711685,0.52221,0.733333333
2017.3.8,수요일,2629,656088.6,0.07295,1
2017.3.9,목요일,2523,731664,0,1
2017.3.10,금요일,2416,764246.2,0,0.272727273
2017.3.11,토요일,2185,749806.7,0,1
2017.3.13,월요일,2068,799632.7,0.05904,0.454545455
2017.3.14,화요일,2031,742260,0.72393,0.5
2017.3.15,수요일,2122,714229.8,0,0.333333333
2017.3.16,목요일,2129,698007.8,0,NA
2017.3.17,금요일,2067,750905.9,0,0.636363636
2017.3.18,토요일,2089,689849.9,0,NA
2017.3.20,월요일,2118,771181.8,4.00376,NA
2017.3.21,화요일,2094,713799.1,1.40036,0.466666667
2017.3.22,수요일,2119,748164.9,0,NA
2017.3.23,목요일,2115,649787.5,0.24531,0.75
2017.3.24,금요일,2002,780022.6,0,1
2017.3.25,토요일,1855,700118.5,6.05556,0.818181818
2017.3.27,월요일,1899,766971.6,1.31367,-0.2
2017.3.28,화요일,1947,736816.8,1.13888,1
2017.3.29,수요일,1950,767900.8,1.62608,0.6
2017.3.30,목요일,1902,694869.4,0,0.5
2017.3.31,금요일,1751,770741.2,4.04281,0.666666667
2017.4.1,토요일,1750,702514.2,2.27073,0.333333333
2017.4.3,월요일,1705,842252.1,0,0.636363636
2017.4.4,화요일,1755,757051.5,0,1
2017.4.5,수요일,1653,852868.4,22.91332,0.5
2017.4.6,목요일,1701,674467.5,11.36586,0.5
2017.4.7,금요일,1584,681056.6,0,1
2017.4.8,토요일,1487,630717.2,0.069,NA
2017.4.10,월요일,1503,825586.8,0.22573,-0.238095238
2017.4.11,화요일,1471,790810.9,8.63576,0.777777778
2017.4.12,수요일,1447,683689.9,0.00813,0.5
2017.4.13,목요일,1304,768167.6,0,0.333333333
2017.4.14,금요일,1116,725886.3,1.41409,0.333333333
2017.4.15,토요일,1038,697053.8,0.13345,0.333333333
2017.4.17,월요일,1100,784103.5,12.60735,0.5
2017.4.18,화요일,1130,674570.7,3.06884,0.25
2017.4.19,수요일,1013,717345,0,0
2017.4.20,목요일,997,692465,1.05864,0.333333333
2017.4.21,금요일,943,706081.9,0.04878,0.25
2017.4.22,토요일,968,602834,0.38288,1
2017.4.24,월요일,1096,717859.7,0,NA
2017.4.25,화요일,1096,698093.7,1.04996,0.333333333
2017.4.26,수요일,1054,678708.1,1.21489,0.294117647
2017.4.27,목요일,993,675853.1,0,0.666666667
2017.4.28,금요일,909,635176.1,0,0.714285714
2017.4.29,토요일,950,732225.7,0.00813,NA
2017.5.1,월요일,1051,686143.8,0,0.428571429
2017.5.2,화요일,1038,701174.7,0,0.555555556
2017.5.3,수요일,1194,572480.5,0,0.555555556
2017.5.4,목요일,1100,631502.8,1.05507,0.428571429
2017.5.5,금요일,1078,577255.9,4.04692,0.6
2017.5.6,토요일,1029,579158.4,0,0.230769231
2017.5.8,월요일,1158,638058.6,0.01845,1
2017.5.9,화요일,1292,639840.3,10.18423,0.428571429
2017.5.10,수요일,1327,571288.7,1.40207,0.28
2017.5.11,목요일,1320,611418.4,0.17884,0.333333333
2017.5.12,금요일,1123,662790.3,2.36206,0.473684211
2017.5.13,토요일,1064,621730.3,3.55016,0.111111111
2017.5.15,월요일,1125,698306.2,0,0.565217391
2017.5.16,화요일,1103,636842.1,0.00745,1
2017.5.17,수요일,1031,645077.3,0.29774,0.2
2017.5.18,목요일,997,608065.7,0,0.5
2017.5.19,금요일,1024,591192.2,0,0.2
2017.5.20,토요일,1026,564323.4,0,1
2017.5.22,월요일,1158,596187,0,NA
2017.5.23,화요일,1164,623630.5,1.82835,0.5
2017.5.24,수요일,1103,600742.9,3.83383,0.857142857
2017.5.25,목요일,1064,644202.2,0,0.511111111
2017.5.26,금요일,1014,614237.5,0.05691,0.672727273
2017.5.27,토요일,1028,549698.2,0,0
2017.5.29,월요일,1167,644649.6,0,1
2017.5.30,화요일,1064,656341.9,0,0.5
2017.5.31,수요일,997,586240.6,2.88973,0.666666667
2017.6.1,목요일,906,578571.1,2.20614,NA
2017.6.2,금요일,970,593854.2,0.06187,0.454545455
2017.6.3,토요일,1042,524829.6,0.21654,-0.142857143
2017.6.5,월요일,1092,706172.4,0,0.454545455
2017.6.6,화요일,1058,594749.6,17.70451,0.0526315789
2017.6.7,수요일,1064,571418.1,6.95066,0.333333333
2017.6.8,목요일,1062,577093.2,0,-0.333333333
2017.6.9,금요일,1002,610909.3,0.73665,0.0555555556
2017.6.10,토요일,999,592241.7,0.57922,-0.0588235294
2017.6.12,월요일,1067,674793.7,0.00564,0.0909090909
2017.6.13,화요일,1031,599958.1,1.57479,0.333333333
2017.6.14,수요일,941,634076.8,0,0.111111111
2017.6.15,목요일,918,599602.9,0,0.882352941
2017.6.16,금요일,860,610537.3,0,0.384615385
2017.6.17,토요일,969,534689.4,0,0.333333333
2017.6.19,월요일,905,621226.9,0,0.666666667
2017.6.20,화요일,874,584391.5,3.73006,0.24
2017.6.21,수요일,824,609476.1,0.26421,0.68
2017.6.22,목요일,822,572466.5,0,0.310344828
2017.6.23,금요일,808,547144.5,0.07834,0.405405405
2017.6.24,토요일,868,497955.2,2.48491,0.6
2017.6.26,월요일,929,595244.2,20.00526,0.692307692
2017.6.27,화요일,959,591332.8,3.55666,0.625
2017.6.28,수요일,779,598162.8,1.56832,0.5
2017.6.29,목요일,758,572238.3,10.55183,0.764705882
2017.6.30,금요일,834,620799,0.37402,0.0909090909
2017.7.1,토요일,880,487374.7,3.17366,0.333333333
2017.7.3,월요일,980,591026.3,26.08791,0.8
2017.7.4,화요일,991,626876.9,17.50021,1
2017.7.5,수요일,879,565002.7,1.9603,NA
2017.7.6,목요일,734,560383.6,29.87973,0.5625
2017.7.7,금요일,696,553856.8,5.41598,0.5
2017.7.8,토요일,753,474947.7,24.21598,NA
2017.7.10,월요일,937,541560.8,30.63266,0.428571429
2017.7.11,화요일,1055,512448.6,5.53166,0.538461538
2017.7.12,수요일,1007,531443.4,0.01725,0.764705882
2017.7.13,목요일,1044,545048,0,0
2017.7.14,금요일,925,585586.6,7.73555,0.428571429
2017.7.15,토요일,919,541036.4,22.60704,1
2017.7.17,월요일,1196,549593.5,7.95957,0.272727273
2017.7.18,화요일,986,581821.3,6.5351,0.485714286
2017.7.19,수요일,943,528304.9,0,1
2017.7.20,목요일,852,565736.3,0,0.379310345
2017.7.21,금요일,882,547200.6,1.09601,-0.272727273
2017.7.22,토요일,1227,438568.6,5.21444,NA
2017.7.24,월요일,1210,571118.3,7.17717,0.4
2017.7.25,화요일,1263,490633.5,6.88922,NA
2017.7.26,수요일,1270,507552.3,0.05166,0.333333333
2017.7.27,목요일,1206,555397.4,0.5754,0.636363636
2017.7.28,금요일,1246,613683.5,8.10725,0.538461538
2017.7.29,토요일,1223,465497.8,3.90744,0.666666667
2017.7.31,월요일,1198,647985.2,20.08128,0.6
2017.8.1,화요일,1284,498977,1.39633,0.117647059
2017.8.2,수요일,1549,443013.4,0.47271,0.714285714
2017.8.3,목요일,1569,593597.3,0,1
2017.8.4,금요일,1833,688985.7,0,0.666666667
2017.8.5,토요일,1167,156188.7,0.42003,0
2017.8.7,월요일,1342,712101.1,1.05396,0.411764706
2017.8.8,화요일,1322,603851.2,1.95351,0.733333333
2017.8.9,수요일,1199,609754.7,9.37863,0.411764706
2017.8.10,목요일,1319,562466.3,12.37556,0.722222222
2017.8.11,금요일,1414,557008.6,12.67052,0.466666667
2017.8.12,토요일,1476,521875.1,1.36988,0.5
2017.8.14,월요일,1664,638354.5,52.17234,1
2017.8.15,화요일,1885,538306.7,32.32699,-0.0666666667
2017.8.16,수요일,1720,505725.6,5.88185,0.714285714
2017.8.17,목요일,1941,505932.9,4.63903,0.636363636
2017.8.18,금요일,1641,613714.3,6.20257,0.636363636
2017.8.19,토요일,1583,658417.6,5.75286,1
2017.8.21,월요일,1677,584895,30.12736,0.666666667
2017.8.22,화요일,1775,524007,13.51815,0.523809524
2017.8.23,수요일,1642,590502.9,11.03811,0.555555556
2017.8.24,목요일,1624,607897.2,14.2316,0.671641791
2017.8.25,금요일,1663,534763.8,6.6776,0.7
2017.8.26,토요일,1716,562522.4,0,0.428571429
2017.8.28,월요일,1768,727802.5,8.10928,0.666666667
2017.8.29,화요일,1786,720442.9,1.16704,0.212121212
2017.8.30,수요일,1667,690194.1,0.01844,0.35483871
2017.8.31,목요일,1571,720631.6,0,0.652173913
2017.9.1,금요일,1597,658700.7,0.00745,0.333333333
2017.9.2,토요일,1525,652781.2,0,0.6
2017.9.4,월요일,1640,741500.6,0.32103,0.142857143
2017.9.5,화요일,1592,694565.3,2.54263,1
2017.9.6,수요일,1642,648542.7,25.88061,0.8
2017.9.7,목요일,1663,612009.6,2.59407,0.6
2017.9.8,금요일,1522,667665.9,0,0.764705882
2017.9.9,토요일,1456,693129.2,0,NA
2017.9.11,월요일,1649,669374.6,41.13754,1
2017.9.12,화요일,1902,514634.8,0,1
2017.9.13,수요일,1801,689077.8,0,0.785714286
2017.9.14,목요일,1510,746630,0.04059,0.777777778
2017.9.15,금요일,1410,762480.2,0.01182,0.714285714
2017.9.16,토요일,1433,669596.1,0.04636,0.6
2017.9.18,월요일,1478,711018.4,0,0.568627451
2017.9.19,화요일,1441,697313.7,4.36719,0.882352941
2017.9.20,수요일,1306,690947.9,0.2488,0.555555556
2017.9.21,목요일,1478,619075.4,0,0.724137931
2017.9.22,금요일,1477,663350.8,0,0.707317073
2017.9.23,토요일,1449,684846.2,0.01725,0.6
2017.9.25,월요일,1354,850810.4,0,0.647058824
2017.9.26,화요일,1333,856820.7,0.66743,0.703703704
2017.9.27,수요일,1225,796431.1,13.37111,0.483870968
2017.9.28,목요일,1257,649754.6,0.24186,0.58974359
2017.9.29,금요일,1155,736333.5,0,0.571428571
2017.9.30,토요일,1628,706473.7,0,0.4
2017.10.2,월요일,2123,913723.3,12.71696,0.764705882
2017.10.3,화요일,2381,488101.2,1.00773,1
2017.10.7,토요일,1466,208948.9,0.19512,0.666666667
2017.10.9,월요일,1515,959951.3,0,0.538461538
2017.10.10,화요일,1305,774335.7,2.58329,0.774647887
2017.10.11,수요일,1154,737822.7,8.24368,0.80952381
2017.10.12,목요일,1193,599955.8,6.07298,0.915789474
2017.10.13,금요일,1118,626489.9,0.00813,0.7
2017.10.14,토요일,1094,610355.6,0.02583,0.333333333
2017.10.16,월요일,1148,747846.6,0.61254,0.5
2017.10.17,화요일,1083,724108,0,0.612903226
2017.10.18,수요일,1025,692639.2,0.31377,0.447368421
2017.10.19,목요일,1026,639988,0.22436,0.619047619
2017.10.20,금요일,970,634549,0,0.692307692
2017.10.21,토요일,975,572080.3,0,0.333333333
2017.10.23,월요일,1115,646680.5,0,0.481481481
2017.10.24,화요일,1129,648519.1,0.0935,0.473684211
2017.10.25,수요일,1045,661952,0,0.739130435
2017.10.26,목요일,961,632308.4,0,0.545454545
2017.10.27,금요일,907,656379.7,0,0.6
2017.10.28,토요일,914,644949.4,0,-0.5
2017.10.30,월요일,1052,666629.4,0,0.3
2017.10.31,화요일,1052,633925.1,0,0.481481481
2017.11.1,수요일,987,624355.2,0,0.789473684
2017.11.2,목요일,975,614954.4,0.14217,0.428571429
2017.11.3,금요일,957,637958.1,1.89746,0.6
2017.11.4,토요일,933,600071.4,2.15646,1
2017.11.6,월요일,964,717607,0,0.6
2017.11.7,화요일,956,665547.3,0.13616,0.444444444
2017.11.8,수요일,931,677947,0.0409,0.677419355
2017.11.9,목요일,906,701470.5,0,0.428571429
2017.11.10,금요일,906,635451.3,2.35945,0.238095238
2017.11.11,토요일,921,623592.8,0,1
2017.11.13,월요일,1038,706314.4,0.64044,0.454545455
2017.11.14,화요일,1069,674175.1,0.02657,0.80952381
2017.11.15,수요일,1069,709908.3,0.01725,0.882352941
2017.11.16,목요일,1032,677920.9,0,0.161290323
2017.11.17,금요일,1086,675133.1,0.35227,0.214285714
2017.11.18,토요일,1205,664607.7,0.05718,NA
2017.11.20,월요일,1347,766071.2,0.1098,0.6
2017.11.21,화요일,1246,723755.5,0,0.8
2017.11.22,수요일,1147,688599.7,0.47878,0.764705882
2017.11.23,목요일,1268,617894.5,0.63618,0.777777778
2017.11.24,금요일,1265,697005.8,0.85364,0.375
2017.11.25,토요일,1298,706877,4.63102,NA
2017.11.27,월요일,1224,791016.8,0,0.545454545
2017.11.28,화요일,1169,710055.4,0.11817,1
2017.11.29,수요일,1040,705355.1,0.27456,0.846153846
2017.11.30,목요일,1047,639884.9,0,0.555555556
2017.12.1,금요일,1034,662610.4,0.01725,0.333333333
2017.12.2,토요일,1042,673845.7,0.01725,0.538461538
2017.12.4,월요일,1090,770891.6,0.23938,0.04
2017.12.5,화요일,1239,619758.4,0.32928,0.666666667
2017.12.6,수요일,1233,631987.2,0.78983,0.818181818
2017.12.7,목요일,1245,644020.8,0.73076,1
2017.12.8,금요일,1278,644019.8,0.38769,1
2017.12.9,토요일,1297,646339.9,0.02544,-0.111111111
2017.12.11,월요일,1349,756786.7,0.29374,0.409090909
2017.12.12,화요일,1396,687217.9,0.0132,0.756097561
2017.12.13,수요일,1416,646667.7,0,1
2017.12.14,목요일,1370,655118,0,0.473684211
2017.12.15,금요일,1333,636927,0.02289,0.368421053
2017.12.16,토요일,1303,691740.7,0.50489,NA
2017.12.18,월요일,1300,739337.2,0.48206,0.666666667
2017.12.19,화요일,1259,746186.2,0.04117,NA
2017.12.20,수요일,1249,665634.3,0.91094,0
2017.12.21,목요일,1246,725010.2,0,0.2
2017.12.22,금요일,1225,696796.3,0,0.5
2017.12.23,토요일,1170,706029.2,0,NA
2017.12.25,월요일,1171,744893.4,0.02544,NA
2017.12.26,화요일,1143,687014.9,0.08928,0.636363636
2017.12.27,수요일,1211,632922.6,0,0.80952381
2017.12.28,목요일,1285,659174.5,0,0.6
2017.12.29,금요일,1413,716687,0,0.75
2017.12.30,토요일,1788,712489.5,0.70144,0.357142857
2018.1.2,화요일,1359,223891.4,0,1
2018.1.3,수요일,1271,1164703.9,0,0.75
2018.1.4,목요일,1426,748972.9,0.035156676,0.333333333
2018.1.5,금요일,1402,817481.6,0.064220985,0.777777778
2018.1.6,토요일,1470,764784.4,0,NA
2018.1.8,월요일,1465,909228.2,2.911540561,0.333333333
2018.1.9,화요일,1489,775821.8,1.130156131,NA
2018.1.10,수요일,1457,776491.8,3.523212141,-0.142857143
2018.1.11,목요일,1478,704849.6,1.603603013,1
2018.1.12,금요일,1428,683823.2,0.113047276,0.75
2018.1.13,토요일,1440,586601.7,0.139895185,1
2018.1.15,월요일,1415,756801.2,0.097303199,1
2018.1.16,화요일,1336,760486,9.378698548,0.2
2018.1.17,수요일,1380,735313.2,3.371503439,0.142857143
2018.1.18,목요일,1369,709406.9,0.005186156,1
2018.1.19,금요일,1426,674583.9,0,0.904761905
2018.1.20,토요일,1374,776492.6,0,1
2018.1.22,월요일,1318,981943.4,1.455126105,0.866666667
2018.1.23,화요일,1298,863360.6,0.059351458,NA
2018.1.24,수요일,1292,824526.8,0.079375478,1
2018.1.25,목요일,1284,706388,0,0.777777778
2018.1.26,금요일,1301,699302.9,0.079648433,0.75
2018.1.27,토요일,1605,463121.4,0,0.428571429
2018.1.29,월요일,1560,735858.4,0.19256469,0
2018.1.30,화요일,1821,618485.6,0.300655093,NA
2018.1.31,수요일,1973,698601.1,0.05092259,0.8
2018.2.1,목요일,1919,752787,0,0.230769231
2018.2.2,금요일,1984,774751.6,0,1
2018.2.3,토요일,2066,851685.6,0.454088874,NA
2018.2.5,월요일,2134,1034201.9,0.399727044,0.52
2018.2.6,화요일,2279,889958.7,0.330090621,NA
2018.2.7,수요일,2308,808938.9,0.054765804,1
2018.2.8,목요일,2319,785535,0.075586854,1
2018.2.9,금요일,2116,819674.1,0.004454635,0.272727273
2018.2.10,토요일,2112,847947.6,0.019336172,NA
2018.2.12,월요일,2013,1302729.4,0.418637406,0.5
2018.2.13,화요일,1901,1102448.2,0.063544055,0.538461538
2018.2.14,수요일,1363,1186006,0,1
2018.2.15,목요일,941,694549.8,0.001757834,NA
2018.2.19,월요일,1040,620027.8,0.02285184,0.7
2018.2.20,화요일,1192,707061.9,0,0.666666667
2018.2.21,수요일,1194,684508.5,0,0.826086957
2018.2.22,목요일,1174,752862.5,0.265574844,0.411764706
2018.2.23,금요일,1236,712313.9,1.138595917,0.6
2018.2.24,토요일,1238,717910.6,0.244055028,0.25
2018.2.26,월요일,1312,889622,0,0.8
2018.2.27,화요일,1332,823007.4,0,0.517241379
2018.2.28,수요일,1351,789507.2,31.03183754,1
2018.3.1,목요일,1412,800962.8,0.805633803,0.692307692
2018.3.2,금요일,1414,774857.4,0,0.322033898
2018.3.3,토요일,1395,778155.1,0.035156676,NA
2018.3.5,월요일,1410,935153.9,10.59387488,0.636363636
2018.3.6,화요일,1425,851901.5,0,0.578947368
2018.3.7,수요일,1294,893985.3,6.333529861,0.517241379
2018.3.8,목요일,1292,790733,16.23814827,0.4
2018.3.9,금요일,1227,801924.1,0.103111693,1
2018.3.10,토요일,1135,849494.3,0,0
2018.3.12,월요일,1147,957262.1,0,0.6
2018.3.13,화요일,1164,850068.8,0,0.764705882
2018.3.14,수요일,1150,840595,0.005186156,0.416666667
2018.3.15,목요일,1093,877937.6,37.06567311,0.538461538
2018.3.16,금요일,1088,792804.7,0.582498089,1
2018.3.17,토요일,997,821843.6,0,NA
2018.3.19,월요일,1022,915031.2,15.45082433,1
2018.3.20,화요일,998,844442.4,1.260017469,0.4
2018.3.21,수요일,1065,749209.3,6.369516323,0.636363636
2018.3.22,목요일,1219,644074.4,0.019336172,0.7
2018.3.23,금요일,1173,754677,0,1
2018.3.24,토요일,1142,703979.8,0,-0.333333333
2018.3.26,월요일,1061,1075441,0,0.375
2018.3.27,화요일,995,926423.5,0,NA
2018.3.28,수요일,781,1054551.2,0,0.333333333
2018.3.29,목요일,744,846371.4,0,0.333333333
2018.3.30,금요일,513,944395.1,0,0.5
2018.3.31,토요일,619,807886.4,0,0.75
2018.4.2,월요일,952,749766.7,0,0.789473684
2018.4.3,화요일,773,824023,0.118691997,0
2018.4.4,수요일,638,817955.7,16.47154711,0.36
2018.4.5,목요일,613,748428.1,11.95483131,0.5
2018.4.6,금요일,553,749120.9,16.75116279,0.375
2018.4.7,토요일,764,569197.2,0.440397423,0.777777778
2018.4.9,월요일,809,827958.6,0.008778251,0.739130435
2018.4.10,화요일,770,810451.9,1.913418495,0.5
2018.4.11,수요일,668,809183.7,1.110022928,0.696969697
2018.4.12,목요일,695,748278.1,0,0.538461538
2018.4.13,금요일,561,802233.2,0.003515668,0.636363636
2018.4.14,토요일,551,681926.2,23.52487171,0.913043478
2018.4.16,월요일,663,760908.9,0,0.942731278
2018.4.17,화요일,673,697536,0,0.866666667
2018.4.18,수요일,666,699422.9,0,0.843373494
2018.4.19,목요일,778,664708.3,0,0.823529412
2018.4.20,금요일,728,687066.5,0,0.696428571
2018.4.21,토요일,589,703162.4,0,0.5
2018.4.23,월요일,660,792897.7,53.57284638,0.829787234
2018.4.24,화요일,740,601046.8,9.536663391,0.75
2018.4.25,수요일,698,573908.2,0.18390654,0.890410959
2018.4.26,목요일,750,564895.8,0,0.898876404
2018.4.27,금요일,788,580217,0,0.852631579
2018.4.28,토요일,915,704218.1,0,0.333333333
2018.4.30,월요일,981,902965.2,0.483404302,0.764705882
2018.5.1,화요일,700,735168.8,0.674975434,0.879518072
2018.5.2,수요일,646,738746.7,10.91032864,0.731707317
2018.5.3,목요일,740,578911.4,0.694704662,0.421052632
2018.5.4,금요일,728,694891.7,0,0.571428571
2018.5.5,토요일,705,691196.3,0,0.428571429
2018.5.7,월요일,857,613921.2,13.88123158,0.642857143
2018.5.8,화요일,1188,551281.2,1.125221094,0.523809524
2018.5.9,수요일,1046,589156.8,0.0389453,0.785714286
2018.5.10,목요일,855,723731.9,0,0.6
2018.5.11,금요일,721,694799.4,0.005273501,0.777777778
2018.5.12,토요일,647,712752.1,19.452604,0.666666667
2018.5.14,월요일,711,705575,0,0.619047619
2018.5.15,화요일,707,703308.9,0,0.568627451
2018.5.16,수요일,711,654490.8,10.40747898,0.586956522
2018.5.17,목요일,725,586686.5,27.10117917,0.764705882
2018.5.18,금요일,672,592393.4,10.29514139,0.684210526
2018.5.19,토요일,733,510682.2,0.117338137,0.52
2018.5.21,월요일,955,628019.7,0,0.777777778
2018.5.22,화요일,1161,605919.5,7.784441533,0.860465116
2018.5.23,수요일,1170,591232.1,11.71930342,0.695652174
2018.5.24,목요일,1229,599639.9,0,0.93220339
2018.5.25,금요일,1215,654631.9,0.019336172,0.581395349
2018.5.26,토요일,1170,672206.8,0.100196528,1
2018.5.28,월요일,1060,732398.8,1.221694508,0.590361446
2018.5.29,화요일,1050,753704.4,1.409793646,0.586206897
2018.5.30,수요일,895,643409.3,1.185849984,0.666666667
2018.5.31,목요일,975,599803.7,0,0.925925926
2018.6.1,금요일,939,580561.4,0,0.574468085
2018.6.2,토요일,1107,565976.1,0,0.333333333
2018.6.4,월요일,1148,713607.4,0.007042254,0.315789474
2018.6.5,화요일,1106,669124.4,2.246631728,0.222222222
2018.6.6,수요일,981,622269.3,0,0.428571429
2018.6.7,목요일,952,588914,0,1
2018.6.8,금요일,911,597286.3,0,0.777777778
2018.6.9,토요일,962,541888.5,1.844251556,1
2018.6.11,월요일,1143,643103.2,5.872617098,0.526315789
2018.6.12,화요일,1085,639315.5,0.646566219,0.24137931
2018.6.13,수요일,991,602244.5,0.008778251,1
2018.6.14,목요일,988,578522.4,3.850485861,0.741935484
2018.6.15,금요일,943,606982.7,1.3341522,0.625
2018.6.16,토요일,988,570946.2,0,0.333333333
2018.6.18,월요일,1025,650595.7,0,0.684210526
2018.6.19,화요일,953,625966.9,5.88194126,0.872340426
2018.6.20,수요일,912,654797.1,0.020275139,0.363636364
2018.6.21,목요일,887,565193.6,0,0.652173913
2018.6.22,금요일,887,551687.4,0.012304837,0.615384615
2018.6.23,토요일,1069,545355.2,0.020275139,0.777777778
2018.6.25,월요일,1121,632094.1,0,0.454545455
2018.6.26,화요일,1017,677928.7,33.54558358,0.545454545
2018.6.27,수요일,1383,535053.7,29.39507588,0.461538462
2018.6.28,목요일,1020,607835.2,59.46906868,0.375
2018.6.29,금요일,1083,594668.5,4.656207009,0.777777778
2018.6.30,토요일,994,659301.3,17.29079594,0.2
2018.7.2,월요일,1213,632951.9,40.54552899,0.6
2018.7.3,화요일,1228,554569.1,6.516137133,0.272727273
2018.7.4,수요일,986,553522.5,7.009204062,0.333333333
2018.7.5,목요일,885,625949.3,8.114685009,0.3
2018.7.6,금요일,869,563576.5,5.214717764,0.8
2018.7.7,토요일,976,518803,0.305524621,0.6
2018.7.9,월요일,1008,652588.1,12.42111584,0.666666667
2018.7.10,화요일,1153,596494.1,3.874353095,0.512195122
2018.7.11,수요일,1067,578384.4,4.231924883,1
2018.7.12,목요일,993,601942.2,0.088524948,0.636363636
2018.7.13,금요일,895,612502.3,0.044262474,-0.0769230769
2018.7.14,토요일,907,577775.4,0.022131237,1
2018.7.16,월요일,931,629270.7,0,0.904761905
2018.7.17,화요일,851,657130.5,0,0.692307692
2018.7.18,수요일,912,543596,0,0.679012346
2018.7.19,목요일,897,531302.5,0,0.263157895
2018.7.20,금요일,994,497349.6,0,0.636363636
2018.7.21,토요일,1048,484198.6,0.020962987,1
2018.7.23,월요일,1095,562444.9,0,0.733333333
2018.7.24,화요일,1080,566383.4,0,0.391304348
2018.7.25,수요일,965,570053.8,0,0.75
2018.7.26,목요일,1108,483132.9,0.004454635,0.608695652
2018.7.27,금요일,1145,523339.2,0.038224697,0.666666667
2018.7.28,토요일,1284,475133.6,4.551315646,1
2018.7.30,월요일,1514,532998.5,0.340877825,0.745454545
2018.7.31,화요일,1250,598371.5,0,0.5
2018.8.1,수요일,1243,533385.8,0,0.857142857
2018.8.2,목요일,1326,589330.4,0,0.892473118
2018.8.3,금요일,1573,549129.4,0.355235288,0.6
2018.8.4,토요일,1376,111120.1,0.0389453,NA
2018.8.6,월요일,1504,628443.8,20.07214761,0.791666667
2018.8.7,화요일,1416,597770.1,0.53298395,0.534883721
2018.8.8,수요일,1466,581284.2,1.037504094,0.627906977
2018.8.9,목요일,1376,592084.6,2.437034611,0.404255319
2018.8.10,금요일,1387,566721.9,6.274789824,0.9
2018.8.11,토요일,1491,523658.4,0.602849656,0.428571429
2018.8.13,월요일,1678,622404,1.134599847,0.793103448
2018.8.14,화요일,1567,610999.5,0.050933508,0.870967742
2018.8.15,수요일,1541,613361.8,2.270771918,0.68
2018.8.16,목요일,1413,601712.3,4.086232121,0.764705882
2018.8.17,금요일,1486,520748.8,0.158205044,0.483870968
2018.8.18,토요일,1686,532534.4,0,0.666666667
2018.8.20,월요일,1709,622484,0,0.703703704
2018.8.21,화요일,1911,619203.8,4.416421007,0.571428571
2018.8.22,수요일,2009,597284.1,0.895010372,0.4
2018.8.23,목요일,2349,638896.4,48.58797904,0.433333333
2018.8.24,금요일,2949,519232.1,18.67808713,0.511111111
2018.8.25,토요일,2912,444851.5,1.227732285,0.75
2018.8.27,월요일,2105,705069,36.52945736,0.70212766
2018.8.28,화요일,2172,546154.8,41.23986243,0.72
2018.8.29,수요일,2176,518340.2,25.79760891,0.6
2018.8.30,목요일,2302,490888.1,12.23730757,0.483870968
2018.8.31,금요일,2718,442049.2,28.65841249,0.7
2018.9.1,토요일,2487,533412.7,13.47596899,0.5
2018.9.3,월요일,2388,721575.8,27.8264221,0.56097561
2018.9.4,화요일,2613,660804.1,27.57090294,0.214285714
2018.9.5,수요일,2703,636516.8,0,0.466666667
2018.9.6,목요일,2401,714748.6,1.87457146,0.470588235
2018.9.7,금요일,2239,727818.1,5.939185501,0.5625
2018.9.8,토요일,2331,655428,0.001757834,0.5
2018.9.10,월요일,2440,707425,0.179135277,0.647058824
2018.9.11,화요일,2302,769503.4,0.001757834,0.75
2018.9.12,수요일,2330,719131.5,0.024642428,0.666666667
2018.9.13,목요일,2291,727029.9,7.633595371,0.547169811
2018.9.14,금요일,2357,707613.3,9.370619063,0.616438356
2018.9.15,토요일,2452,716079.2,1.865946064,0.625
2018.9.17,월요일,2437,774804.8,0.088918004,0.616438356
2018.9.18,화요일,2092,885808.9,0,0.666666667
2018.9.19,수요일,2118,866484.5,4.206507261,0.714285714
2018.9.20,목요일,2055,837794.7,16.71275248,0.58490566
2018.9.21,금요일,2389,787333.8,22.40284966,0.913043478
2018.9.22,토요일,2855,670623.5,1.380914947,0.707317073
2018.9.27,목요일,2310,714911.3,0.008778251,0.87755102
2018.9.28,금요일,2178,767536.7,0.021072169,0.577777778
2018.9.29,토요일,2283,718013.8,0.679615679,0.783783784
2018.10.1,월요일,2589,802434.5,0.737569604,0.727272727
2018.10.2,화요일,2590,632164.1,0,0.747126437
2018.10.3,수요일,1907,650355.2,0,0.947368421
2018.10.4,목요일,1866,706653.6,0.569494486,0.743589744
2018.10.5,금요일,1814,646098,63.98985697,0.853658537
2018.10.6,토요일,2345,540646.2,80.83459985,0.461538462
2018.10.8,월요일,2310,542740.2,0,0.662921348
2018.10.9,화요일,1900,660947.5,0.110656185,0.761904762
2018.10.10,수요일,1884,714117.6,2.718069658,0.801801802
2018.10.11,목요일,1847,707506.3,0,0.435897436
2018.10.12,금요일,1685,703279.7,0,0.714285714
2018.10.13,토요일,1518,761205.8,0,0.529411765
2018.10.15,월요일,1505,767216.7,0,0.586206897
2018.10.16,화요일,1459,738593.4,0.495174146,0.395348837
2018.10.17,수요일,1376,708461.7,2.103799541,0.902439024
2018.10.18,목요일,1424,632900.6,5.758052189,0.684210526
2018.10.19,금요일,1517,585480.2,0.033377006,0.672727273
2018.10.20,토요일,1606,594704.6,0,NA
2018.10.22,월요일,1633,694726.7,0.012304837,0.714285714
2018.10.23,화요일,1592,703136.7,2.05159952,0.727272727
2018.10.24,수요일,1563,662551.9,0,0.695652174
2018.10.25,목요일,1520,668997.9,0,0.625
2018.10.26,금요일,1435,639907.6,7.605961349,0.6875
2018.10.27,토요일,1533,593024.9,0.274669724,1
2018.10.29,월요일,1525,695849.9,0.218298941,0.545454545
2018.10.30,화요일,1551,664677.7,0,1
2018.10.31,수요일,1469,699055.8,0.041292718,0.882352941
2018.11.1,목요일,1440,706409,0,0.371428571
2018.11.2,금요일,1416,699836.7,0,0.534883721
2018.11.3,토요일,1188,812835.8,0,1
2018.11.5,월요일,1384,732332.7,0,0.827586207
2018.11.6,화요일,1307,705401.8,0.437176548,0.773584906
2018.11.7,수요일,1330,666479.2,9.391265422,0.618181818
2018.11.8,목요일,1444,589264.7,37.06970193,0.745454545
2018.11.9,금요일,1623,514769.9,0.469232449,0.870967742
2018.11.10,토요일,1774,494245.4,0.022131237,0.333333333
2018.11.12,월요일,1528,813786.4,1.650529534,0.294117647
2018.11.13,화요일,1579,738153.7,0.709302326,0.3
2018.11.14,수요일,1504,721788.8,0.479430069,0.6875
2018.11.15,목요일,1443,731290.5,0,0.586206897
2018.11.16,금요일,1411,758594.3,2.355999563,0.785714286
2018.11.17,토요일,1397,756181.5,0.014084507,0.333333333
2018.11.19,월요일,1351,811675.5,0,0.432835821
2018.11.20,화요일,1324,854057,0.199181133,0.9
2018.11.21,수요일,1292,752361.3,0.855748444,0.757575758
2018.11.22,목요일,1314,687182.5,0,0.789473684
2018.11.23,금요일,1275,742700.4,0,0.644444444
2018.11.24,토요일,1252,761523.9,5.699552353,0.142857143
2018.11.26,월요일,1255,757733.8,0.001757834,0.548387097
2018.11.27,화요일,1276,744564.3,0,0.571428571
2018.11.28,수요일,1214,726608.7,0,0.473684211
2018.11.29,목요일,1161,724535.9,0,1
2018.11.30,금요일,1233,641727.9,0,0.885714286
2018.12.1,토요일,1291,635152.2,0,0.5
2018.12.3,월요일,1490,686136.2,9.548782618,0.475409836
2018.12.4,화요일,1563,671867.5,11.94816028,0.777777778
2018.12.5,수요일,1488,657391.9,0.017556502,0.529411765
2018.12.6,목요일,1386,655291.7,3.489977072,0.5625
2018.12.7,금요일,1370,687217.1,0.084878262,0.466666667
2018.12.8,토요일,1360,706347,0.100436729,0.142857143
2018.12.10,월요일,1550,663986,0,0.535714286
2018.12.11,화요일,1385,702692.1,1.696014849,1
2018.12.12,수요일,1376,685510.1,0.001757834,0.157894737
2018.12.13,목요일,1423,660529.3,0.551861557,0.866666667
2018.12.14,금요일,1445,679029.3,0,0.142857143
2018.12.15,토요일,1351,809071.1,0,1
2018.12.17,월요일,1277,971830.8,0.073490556,0.625
2018.12.18,화요일,1217,833500.7,0,0.282051282
2018.12.19,수요일,1172,770994.3,0.016475598,0
2018.12.20,목요일,1123,785022.9,0.28476908,0.818181818
2018.12.21,금요일,1068,796127.5,0,1
2018.12.22,토요일,1086,714594.8,0.123594279,0
2018.12.24,월요일,1138,878828,0,0.6
2018.12.25,화요일,1215,777592.3,0,0.75
2018.12.26,수요일,1104,841379.8,0.066808604,0.276595745
2018.12.27,목요일,1106,806853.4,0,0.555555556
2018.12.28,금요일,1124,771009.2,0.268140627,0.416666667
2018.12.29,토요일,1149,727330.4,0.061666121,0.8
2018.12.31,월요일,1281,764819.5,0,0.375
2019.1.2,수요일,1223,98788.2,0,0.740740741
2019.1.3,목요일,1499,950901.4,0,0.636363636
2019.1.4,금요일,1495,864180,0.074558778,0.545454545
2019.1.5,토요일,1355,893241.3,0.012426463,NA
2019.1.7,월요일,1255,1086374.6,0,0.8
2019.1.8,화요일,1171,940852.6,0,0.777777778
2019.1.9,수요일,1151,827515,0,0.230769231
2019.1.10,목요일,1059,858796.6,0.0054598,0.892857143
2019.1.11,금요일,1001,802421.7,0.117029621,0.794117647
2019.1.12,토요일,935,764431.8,1.698204149,NA
2019.1.14,월요일,1005,900552.2,0,0.529411765
2019.1.15,화요일,1054,774629.9,0.034884921,0.555555556
2019.1.16,수요일,1065,759053,0.037898648,0.808510638
2019.1.17,목요일,1029,715956.8,0.018949324,0.555555556
2019.1.18,금요일,959,846353.6,0,0.625
2019.1.19,토요일,911,822638.4,0.384477242,0.714285714
2019.1.21,월요일,960,916634.2,0.008803798,0.272727273
2019.1.22,화요일,964,811420.1,0,0.44
2019.1.23,수요일,944,849904.9,0,0.666666667
2019.1.24,목요일,979,835228.1,0,0.787878788
2019.1.25,금요일,975,846322.9,0.077221591,0.681818182
2019.1.26,토요일,972,830189,0.008803798,0.538461538
2019.1.28,월요일,1009,988503.7,0.138177314,0.739130435
2019.1.29,화요일,1039,914897,0,0.50877193
2019.1.30,수요일,1097,840309.4,0.003106616,0.6
2019.1.31,목요일,1180,931124.3,6.962111673,0.880597015
2019.2.1,금요일,1275,884350,0.018949324,0.888888889
2019.2.2,토요일,1205,1001265.2,0.057859428,0.5
2019.2.4,월요일,683,658768.7,0,0.625
2019.2.7,목요일,1282,32213,0.819702756,0.692307692
2019.2.8,금요일,917,761298.8,0,0.933333333
2019.2.9,토요일,1026,746692.5,0.003106616,0.6
2019.2.11,월요일,1014,791413.9,0,0.5
2019.2.12,화요일,989,806475.1,0,0.672413793
2019.2.13,수요일,921,838167.9,0,0.657894737
2019.2.14,목요일,946,731866.5,0.025028383,0.719512195
2019.2.15,금요일,942,790526.4,0.554567035,0.678571429
2019.2.16,토요일,966,830880,0.050490247,1
2019.2.18,월요일,1080,705747.4,0.247311384,0.616161616
2019.2.19,화요일,975,829780.6,17.24826091,0.613793103
2019.2.20,수요일,1016,749364.2,0.01407782,0.701754386
2019.2.21,목요일,966,773690,0,0.791666667
2019.2.22,금요일,941,716670.4,0.049705852,0.555555556
2019.2.23,토요일,852,831594.5,0.008803798,0.391304348
2019.2.25,월요일,806,908411.3,0,0.681818182
2019.2.26,화요일,831,835415.2,0,0.682242991
2019.2.27,수요일,896,810029.6,0.757694292,0.8
2019.2.28,목요일,852,789132.4,0.025998555,0.5
2019.3.1,금요일,862,738777.4,0,0.555555556
2019.3.2,토요일,819,766502.2,0.037279389,1
2019.3.4,월요일,778,970945.7,0.048147384,0.761904762
2019.3.5,화요일,784,827177.3,0,0.729166667
2019.3.6,수요일,761,826404.1,1.987160698,0.421052632
2019.3.7,목요일,767,787195.3,0.55010837,0.725
2019.3.8,금요일,779,734108.1,0,0.591836735
2019.3.9,토요일,705,808821.8,1.03875529,0.666666667
2019.3.11,월요일,746,885218.9,1.90452059,0.555555556
2019.3.12,화요일,772,828499.8,0.60977397,0.47826087
2019.3.13,수요일,820,695324.2,0.013664981,0.684210526
2019.3.14,목요일,805,712792.2,0.008803798,0.739130435
2019.3.15,금요일,828,727564.7,2.99673857,0.470588235
2019.3.16,토요일,750,826581.3,0.087532253,0.714285714
2019.3.18,월요일,682,994133.3,0.164650635,0.741935484
2019.3.19,화요일,652,804552,0,0.9
2019.3.20,수요일,621,803292.4,20.29547941,0.6
2019.3.21,목요일,591,791026.2,2.261285994,0.474452555
2019.3.22,금요일,595,737545.8,0,0.47826087
2019.3.23,토요일,599,687825.3,1.155599133,0.6
2019.3.25,월요일,638,850607.4,0,0.842696629
2019.3.26,화요일,632,759618.2,0,0.882352941
2019.3.27,수요일,600,777681.4,0.167272164,0.647058824
2019.3.28,목요일,635,733968.7,1.006399009,0.578947368
2019.3.29,금요일,618,792521.6,0.018949324,0.913043478
2019.3.30,토요일,639,651404.2,2.404943751,0.222222222
2019.4.1,월요일,670,760443.7,0,0.529411765
2019.4.2,화요일,682,678092,0,0.526315789
2019.4.3,수요일,734,669780.2,0,0.641025641
2019.4.4,목요일,769,676833.2,0,0.62962963
2019.4.5,금요일,722,702218.1,0,0.655172414
2019.4.6,토요일,742,675049.8,0.698183507,NA
2019.4.8,월요일,740,777950.4,0,0.733333333
2019.4.9,화요일,793,642708.7,23.51399525,0.619047619
2019.4.10,수요일,796,654631.2,7.236897513,0.518796992
2019.4.11,목요일,879,603453.2,0,0.619047619
2019.4.12,금요일,786,721322.1,0.032583342,0.565217391
2019.4.13,토요일,728,709352.1,0,0.833333333
2019.4.15,월요일,725,813738.6,0,0.345454545
2019.4.16,화요일,686,739117.8,0,0.843478261
2019.4.17,수요일,689,678390,1.272381051,0.862876254
2019.4.18,목요일,665,682010.6,0,0.933333333
2019.4.19,금요일,633,662758.4,0.01407782,0.790322581
2019.4.20,토요일,593,671792.9,0.141449066,0.615384615
2019.4.22,월요일,682,676680.4,0,0.766467066
2019.4.23,화요일,692,626471.6,6.384952007,0.796116505
2019.4.24,수요일,741,599334.3,5.197275261,0.688622754
2019.4.25,목요일,717,646048.4,5.367292806,0.445378151
2019.4.26,금요일,645,666382.7,5.681060997,0.720588235
2019.4.27,토요일,649,597723.2,0.038775931,0.733333333
2019.4.29,월요일,711,674878.4,17.40926824,0.67839196
2019.4.30,화요일,982,570530.2,0.146609557,0.649122807
2019.5.1,수요일,994,573066.7,0,0.756756757
2019.5.2,목요일,989,639506.3,0,0.567010309
2019.5.3,금요일,940,686238.4,0,0.736842105
2019.5.4,토요일,1027,638276.9,0,0.736842105
2019.5.6,월요일,974,734443.6,0.132056972,0.546666667
2019.5.7,화요일,920,695539,0,0.727272727
2019.5.8,수요일,851,665602.2,0,0.680555556
2019.5.9,목요일,854,631861.2,0,0.782608696
2019.5.10,금요일,930,601391.9,0,0.527559055
2019.5.11,토요일,931,590580,0,0.875
2019.5.13,월요일,977,701554.4,0.018711941,0.534591195
2019.5.14,화요일,1067,644283.6,0.055165652,0.605150215
2019.5.15,수요일,1059,642442,0,0.596774194
2019.5.16,목요일,1025,591597.3,0,0.516339869
2019.5.17,금요일,1014,626129.2,3.814480339,0.684210526
2019.5.18,토요일,1182,562167.2,32.26095572,0.818181818
2019.5.20,월요일,1409,602777.1,2.195386521,0.506493506
2019.5.21,화요일,1248,663463.4,0,0.547169811
2019.5.22,수요일,1219,631285,0,0.55
2019.5.23,목요일,1224,600554,0,0.671232877
2019.5.24,금요일,1159,638605.2,0,0.660377358
2019.5.25,토요일,1097,623120.8,0,1
2019.5.27,월요일,1193,632827,29.22686552,0.590909091
2019.5.28,화요일,1442,572046.5,0,0.453125
2019.5.29,수요일,1365,629697.4,0,0.592592593
2019.5.30,목요일,1539,607170.4,0.041211683,0.821428571
2019.5.31,금요일,1434,666352.7,1.341345856,0.44
2019.6.1,토요일,1415,598889.4,0,0.647058824
2019.6.3,월요일,1436,669563.4,0,0.759398496
2019.6.4,화요일,1414,678166.2,0,0.746268657
2019.6.5,수요일,1393,661247.3,0,0.511450382
2019.6.6,목요일,1412,615124.6,29.35631128,0.533333333
2019.6.7,금요일,1436,637172.9,22.21719476,0.529411765
2019.6.8,토요일,1461,541098.7,0.172752606,1
2019.6.10,월요일,1428,732143.6,4.663319228,0.531531532
2019.6.11,화요일,1378,700813,0.44106719,0.570093458
2019.6.12,수요일,1249,662743.7,0,0.33007335
2019.6.13,목요일,1197,645532.9,0,0.583596215
2019.6.14,금요일,1093,635769.8,4.046372175,0.50617284
2019.6.15,토요일,1177,556809.6,3.473516359,0.588235294
2019.6.17,월요일,1208,699404,0.018949324,0.450549451
2019.6.18,화요일,1102,666147.6,3.047146248,0.776397516
2019.6.19,수요일,1073,655325.5,0.947383631,0.641025641
2019.6.20,목요일,1086,623690.2,0,0.722222222
2019.6.21,금요일,1031,627661,1.081112602,0.602484472
2019.6.22,토요일,1074,536683.7,0.488275364,0.944444444
2019.6.24,월요일,1064,683488.3,0.059613995,0.525423729
2019.6.25,화요일,1094,652749,0,0.686956522
2019.6.26,수요일,1028,660761.4,33.44583548,0.652173913
2019.6.27,목요일,1115,590660.1,6.203075653,0.712418301
2019.6.28,금요일,1245,599099,0.705944886,0.658536585
2019.6.29,토요일,1201,565473.5,40.35071731,0.333333333
2019.7.1,월요일,1252,608522.4,0.883125194,0.594936709
2019.7.2,화요일,1243,636756.8,0.076643616,0.695035461
2019.7.3,수요일,1176,641362.6,0.003106616,0.709923664
2019.7.4,목요일,1104,608747.2,0,0.607717042
2019.7.5,금요일,1051,591338.3,0.006873774,0.702702703
2019.7.6,토요일,1066,579274.6,0.008803798,0.714285714
2019.7.8,월요일,1294,625073.1,0.955485602,0.685714286
2019.7.9,화요일,1222,600345.1,0.292083806,0.756410256
2019.7.10,수요일,1383,549130,23.8527299,0.58974359
2019.7.11,목요일,1532,564972.4,10.61777273,0.584158416
2019.7.12,금요일,1510,538180.2,0.27321705,0.657142857
2019.7.13,토요일,1523,575663.7,2.681628651,0.285714286
2019.7.15,월요일,1370,737485.9,5.830034059,0.554054054
2019.7.16,화요일,1212,711663.4,4.96638456,0.74863388
2019.7.17,수요일,1050,686254.8,8.080648158,0.704347826
2019.7.18,목요일,1034,644403.8,11.17593147,0.469026549
2019.7.19,금요일,1060,560471.6,26.94434926,0.601809955
2019.7.20,토요일,1091,564005.3,60.14539168,0.771428571
2019.7.22,월요일,1343,511684.6,2.048642791,0.617021277
2019.7.23,화요일,1152,669355.8,0.016905769,0.609022556
2019.7.24,수요일,1043,673097.5,0.468283621,0.776
2019.7.25,목요일,1115,608108.7,12.69869956,0.872611465
2019.7.26,금요일,1190,574695.9,28.39165033,0.622857143
2019.7.27,토요일,1140,468364,14.82650428,0.555555556
2019.7.29,월요일,1526,500365.4,0.079616059,0.416666667
2019.7.30,화요일,1375,576966.6,1.423294458,0.756097561
2019.7.31,수요일,1254,650040.8,9.917937868,0.630769231
2019.8.1,목요일,1779,566246.4,5.0100836,0.388888889
2019.8.2,금요일,1410,659580.7,0.063350191,0.695652174
2019.8.3,토요일,1314,126442.4,0.370327175,0.428571429
2019.8.5,월요일,1484,724898.9,0.715378264,0.174603175
2019.8.6,화요일,1316,713851.7,4.038775931,0.578947368
2019.8.7,수요일,1341,626975.6,14.77325833,0.688888889
2019.8.8,목요일,1630,521992.1,4.320745175,0.576923077
2019.8.9,금요일,1473,584658.5,0.078408504,0.705263158
2019.8.10,토요일,1312,629190.5,0,0.75
2019.8.12,월요일,1397,683920.4,22.95152234,0.514018692
2019.8.13,화요일,1399,618858.9,2.339869956,0.638888889
2019.8.14,수요일,1283,606828.1,2.153916813,0.514285714
2019.8.15,목요일,1247,620987.7,22.71358241,0.741935484
2019.8.16,금요일,1408,547518.8,2.043513262,0.79245283
2019.8.17,토요일,1466,556640.2,2.181566725,0.448275862
2019.8.19,월요일,1434,705001,0.126896481,0.50877193
2019.8.20,화요일,1383,739837.8,0.099442667,0.768707483
2019.8.21,수요일,1185,736050.8,7.760646094,0.68
2019.8.22,목요일,1251,686768.9,15.46524925,0.479166667
2019.8.23,금요일,1186,589269.2,0,0.7375
2019.8.24,토요일,1169,607076.4,0.0054598,0.707317073
2019.8.26,월요일,1197,785692.8,0.57920322,0.563380282
2019.8.27,화요일,1132,759695,21.11476933,0.716666667
2019.8.28,수요일,1142,631285.8,2.593941583,0.789473684
2019.8.29,목요일,1165,704924.4,7.941397461,0.614814815
2019.8.30,금요일,1301,656788.2,0.237578697,0.625
2019.8.31,토요일,1156,681090.2,0.01407782,0.538461538
2019.9.2,월요일,1411,787472.8,12.94775519,0.6
2019.9.3,화요일,1334,820077.7,12.8678295,0.696202532
2019.9.4,수요일,1428,740813,16.33691815,0.614814815
2019.9.5,목요일,1438,749011.6,27.01823718,0.54
2019.9.6,금요일,1163,792026.8,6.554845701,0.658119658
2019.9.7,토요일,1157,739124.9,14.48831665,0.68
2019.9.9,월요일,1533,758539.4,11.54404995,0.618768328
2019.9.10,화요일,1664,837187.9,26.32507999,0.705660377
2019.9.11,수요일,1882,838272.6,9.378491072,0.714285714
2019.9.12,목요일,1351,458436.8,6.188079265,0.764705882
2019.9.16,월요일,1585,675733.2,0.421539891,0.452631579
2019.9.17,화요일,1364,851606.9,0,0.668874172
2019.9.18,수요일,1363,756523.6,0,0.603960396
2019.9.19,목요일,1332,717875.5,0.006791207,0.640449438
2019.9.20,금요일,1237,734867,0.012426463,0.466666667
2019.9.21,토요일,1360,631979,43.60914439,0
2019.9.23,월요일,2042,605626.8,0.406760244,0.677419355
2019.9.24,화요일,1622,606138.2,0,0.501805054
2019.9.25,수요일,1312,730010.9,0,0.72173913
2019.9.26,목요일,1268,761311.1,0.018639694,0.727272727
2019.9.27,금요일,1205,773912,2.812158117,0.723577236
2019.9.28,토요일,1128,746447,0.612158117,0.727272727
2019.9.30,월요일,1255,749953,0.469078336,0.591397849
2019.10.1,화요일,1210,694302.2,19.40617195,0.5
2019.10.2,수요일,1345,671572.6,104.9960677,0.64
2019.10.3,목요일,1439,609275.2,22.64305914,0.862068966
2019.10.4,금요일,1494,551353.4,0.189544845,0.764705882
2019.10.5,토요일,1342,632629.5,2.850201259,0
2019.10.7,월요일,1501,758546,9.416276189,0.632432432
2019.10.8,화요일,1581,625981.9,0.070358138,0.701149425
2019.10.9,수요일,1526,640407.8,0,0.529411765
2019.10.10,목요일,1459,744557.9,0,0.652173913
2019.10.11,금요일,1427,751020.3,0.017607596,0.6
2019.10.12,토요일,1294,769464.5,0.026411394,0.714285714
2019.10.14,월요일,1354,823797.7,3.875673444,0.804878049
2019.10.15,화요일,1277,788230.6,0.967447621,0.6875
2019.10.16,수요일,1210,763333.6,0,0.677419355
2019.10.17,목요일,1121,738502.7,0,0.421052632
2019.10.18,금요일,1169,710411.9,2.200970172,0.638888889
2019.10.19,토요일,1219,684012,0.058860564,0.414634146
2019.10.21,월요일,1274,768069.9,0,0.533980583
2019.10.22,화요일,1299,774302.5,0.009319847,0.888268156
2019.10.23,수요일,1171,772738,0.043059139,0.760869565
2019.10.24,목요일,1117,727257.2,1.192032201,0.655737705
2019.10.25,금요일,1081,724730.1,0.324151099,0.726315789
2019.10.26,토요일,1074,680638.3,0.00703891,0.578947368
2019.10.28,월요일,1200,719856.9,0.334379193,0.555555556
2019.10.29,화요일,1312,668643.7,0.826029518,0.728813559
2019.10.30,수요일,1345,639338.3,0,0.512195122
2019.10.31,목요일,1298,654520.3,0,0.604938272
2019.11.1,금요일,1302,691269.4,0,0.68627451
2019.11.2,토요일,1320,638119.4,0,0.684210526
2019.11.4,월요일,1268,811851.3,0.446392817,0.628571429
2019.11.5,화요일,1178,797288.3,0.003106616,0.727272727
2019.11.6,수요일,1108,744736.8,0,0.465346535
2019.11.7,목요일,1086,728276.7,0.017607596,0.640449438
2019.11.8,금요일,1063,723165.5,0,0.746478873
2019.11.9,토요일,1058,685107.2,0.114449376,-0.333333333
2019.11.11,월요일,1137,790215.8,0.942470843,0.657657658
2019.11.12,화요일,1187,747967,0,0.573333333
2019.11.13,수요일,1160,746571.2,3.245845805,0.858585859
2019.11.14,목요일,1186,653639.9,0.054164516,0.544715447
2019.11.15,금요일,1261,685867.8,4.301940345,0.553398058
2019.11.16,토요일,1340,696211.4,0.200392197,0.588235294
2019.11.18,월요일,1307,795308.6,13.18235112,0.604166667
2019.11.19,화요일,1388,697803.1,0.043678398,0.675675676
2019.11.20,수요일,1334,738620.5,0,0.492307692
2019.11.21,목요일,1284,737947.8,0,0.714285714
2019.11.22,금요일,1375,699350.2,0,0.492537313
2019.11.23,토요일,1272,812435.4,0.041428424,0.555555556
2019.11.25,월요일,1144,1023215.9,3.500505728,0.742574257
2019.11.26,화요일,1113,815502.6,0.261863969,0.807692308
2019.11.27,수요일,1046,810056.7,1.436608525,0.786259542
2019.11.28,목요일,1036,768249.5,2.173898235,0.876106195
2019.11.29,금요일,985,746248,0,0.730769231
2019.11.30,토요일,990,751101.1,0.177737641,0.6
2019.12.2,월요일,1076,758534.1,0.141965115,0.6
2019.12.3,화요일,1202,674550.5,0.327618949,0.589041096
2019.12.4,수요일,1171,742938.4,0.1821447,0.75
2019.12.5,목요일,1161,715703.9,0,0.888888889
2019.12.6,금요일,1132,728535.5,0,0.662337662
2019.12.7,토요일,1123,695216.4,0.026411394,1
2019.12.9,월요일,1164,819866.5,0.178005986,0.587301587
2019.12.10,화요일,1204,705386.8,0.582155021,0.457943925
2019.12.11,수요일,1164,743438.2,0.220218805,0.703703704
2019.12.12,목요일,1111,803746.7,0,0.689320388
2019.12.13,금요일,1062,766940.8,0.175436062,0.731958763
2019.12.14,토요일,990,773592.3,0.416369078,0.924528302
2019.12.16,월요일,979,911751.2,0.024852926,0.717647059
2019.12.17,화요일,1002,744780.2,3.210806069,0.6875
2019.12.18,수요일,1041,707731.5,0.444968521,0.542168675
2019.12.19,목요일,1055,725570.9,0,0.727272727
2019.12.20,금요일,1083,728287.8,0.032758799,0.627906977
2019.12.21,토요일,1072,761561.7,0.113695944,0.684210526
2019.12.23,월요일,1023,899604.9,0.812901228,0.746031746
2019.12.24,화요일,1066,775863,0,0.685714286
2019.12.25,수요일,1037,755776.7,0.009319847,0.736842105
2019.12.26,목요일,1024,741932.8,1.550438642,0.783783784
2019.12.27,금요일,1029,732641.9,0.010145526,0.727272727
2019.12.28,토요일,1120,715429.6,0,0.75
2019.12.30,월요일,1319,914340.8,0.53970482,0.759259259
2019.12.31,화요일,1470,817937.9,0.134430798,0.58
2020.1.2,목요일,1188,86818.8,0,0.671641791
2020.1.3,금요일,1220,1080778.3,0,0.655172414
2020.1.4,토요일,1190,920801.1,0,0.75
2020.1.6,월요일,1218,1027219.9,10.72603458,0.784615385
2020.1.7,화요일,1356,822903.8,44.03907418,0.619834711
2020.1.8,수요일,1187,885660.4,6.081695482,0.563218391
2020.1.9,목요일,1027,782668,0,0.863636364
2020.1.10,금요일,972,835118.5,0,0.59375
2020.1.11,토요일,957,852276,0.002755159,0.733333333
2020.1.13,월요일,981,1019323.5,0.033151143,0.721518987
2020.1.14,화요일,955,898157.7,0.190105968,0.75
2020.1.15,수요일,950,917561.3,0,0.523809524
2020.1.16,목요일,971,845449.8,0,0.567567568
2020.1.17,금요일,947,910383.5,0.545454545,0.641025641
2020.1.18,토요일,904,895702.5,0.810128277,1
2020.1.20,월요일,890,1132656.4,0.004071389,0.648648649
2020.1.21,화요일,986,959895.1,0,0.773584906
2020.1.22,수요일,999,1047958.1,6.515248187,0.914893617
2020.1.23,목요일,942,1050379.2,1.114913553,0.652173913
2020.1.24,금요일,739,324203.1,0.824651422,0.333333333
2020.1.27,월요일,880,2000,14.33714445,0.546666667
2020.1.28,화요일,800,749083.8,1.337769102,0.6
2020.1.29,수요일,755,821255.1,0.656954824,0.881188119
2020.1.30,목요일,694,720758.5,1.361026213,0.75
2020.1.31,금요일,650,712446.9,0.020602342,0.433962264
2020.2.1,토요일,727,581144.9,0,0.263157895
2020.2.3,월요일,927,725947.6,0.009693252,0.593984962
2020.2.4,화요일,1085,629528.5,0.395783603,0.673469388
2020.2.5,수요일,1110,649036.4,0.075672058,0.596491228
2020.2.6,목요일,992,706653.3,0.007919688,0.390625
2020.2.7,금요일,799,803448.1,0,0.577981651
2020.2.8,토요일,854,662584.2,0.176486336,0.266666667
2020.2.10,월요일,791,936440.8,0,0.868263473
2020.2.11,화요일,811,781751.5,0.22601227,0.697841727
2020.2.12,수요일,774,787440.7,13.54822086,0.829059829
2020.2.13,목요일,774,737504.2,0.114188511,0.634408602
2020.2.14,금요일,740,769120.2,0,0.8125
2020.2.15,토요일,680,747300,2.274813162,0.5
2020.2.17,월요일,804,880749,1.864037925,0.551724138
2020.2.18,화요일,909,694508.3,0.061282766,0.766666667
2020.2.19,수요일,887,719398.1,0,0.490196078
2020.2.20,목요일,859,730138.8,0,0.804878049
2020.2.21,금요일,830,768794,2.228823201,0.62962963
2020.2.22,토요일,876,777736.5,1.776486336,0.666666667
2020.2.24,월요일,794,1031443.9,0.20064696,0.705882353
2020.2.25,화요일,848,810124.2,22.71390965,0.558823529
2020.2.26,수요일,852,793979.3,1.97977691,0.733333333
2020.2.27,목요일,846,750234.5,0.154735081,0.415730337
2020.2.28,금요일,799,787516.2,3.037735639,0.620689655
2020.2.29,토요일,728,706885.8,0.421784718,0.25
2020.3.2,월요일,762,897654.9,0.127919688,0.494505495
2020.3.3,화요일,729,805308.5,0.023759063,0.402061856
2020.3.4,수요일,719,771401.3,0.050150586,0.58490566
2020.3.5,목요일,721,672325.2,0,0.6875
2020.3.6,금요일,729,728689,0,0.387755102
2020.3.7,토요일,741,662279.4,2.591767987,0.6
2020.3.9,월요일,749,855712.3,4.968332404,0.485714286
2020.3.10,화요일,763,725937.7,9.438114891,0.621621622
2020.3.11,수요일,769,707919.8,0,0.688311688
2020.3.12,목요일,729,692862.2,0,0.590551181
2020.3.13,금요일,687,744552.3,0.027618516,0.848837209
2020.3.14,토요일,665,725469,0,0.866666667
2020.3.16,월요일,768,802129.3,0.33115449,0.5
2020.3.17,화요일,707,749028.1,0.105744562,0.666666667
2020.3.18,수요일,677,709423.7,0,0.768115942
2020.3.19,목요일,669,714599,0.141818182,0.68
2020.3.20,금요일,694,661774.7,0,0.454545455
2020.3.21,토요일,632,746360.3,0.496709426,0.538461538
2020.3.23,월요일,685,859249.5,0,0.666666667
2020.3.24,화요일,693,707415,0,0.555555556
2020.3.25,수요일,673,754585.3,0.002755159,0.607142857
2020.3.26,목요일,702,635049.3,10.96416062,0.80952381
2020.3.27,금요일,649,710525.3,5.344528723,0.6
2020.3.28,토요일,714,603565.9,0.135002789,0.5
2020.3.30,월요일,719,804033.9,0,0.7
2020.3.31,화요일,700,775354.9,0.011020636,0.5
2020.4.1,수요일,660,727905.3,1.027350809,0.75
2020.4.2,목요일,642,705196.2,0,0.421052632
2020.4.3,금요일,649,707700.1,0,0.344262295
2020.4.4,토요일,638,694890.7,0,0.0434782609
2020.4.6,월요일,687,782383.2,0,0.398230088
2020.4.7,화요일,738,678443.4,0.087272727,0.738317757
2020.4.8,수요일,776,646622,0.163636364,0.644444444
2020.4.9,목요일,795,659662.5,0,0.777777778
2020.4.10,금요일,781,687169,0.003993307,0.611111111
2020.4.11,토요일,724,668881.7,4.706547685,0.384615385
2020.4.13,월요일,784,745494.3,0.062465142,0.58778626
2020.4.14,화요일,774,682798.2,0,0.72
2020.4.15,수요일,785,690431.5,0,0.6
2020.4.16,목요일,814,619362.3,0,0.584
2020.4.17,금요일,831,517488.1,16.82127161,0.7
2020.4.18,토요일,799,667253.2,0.877679866,0.80952381
2020.4.20,월요일,814,797045.8,0.645755717,0.710526316
2020.4.21,화요일,894,604897.4,0.016709426,0.695238095
2020.4.22,수요일,918,620801.6,0,0.61849711
2020.4.23,목요일,956,622740.2,0,0.707865169
2020.4.24,금요일,951,589249,0,0.786666667
2020.4.25,토요일,925,630122.9,0.054545455,1
2020.4.27,월요일,841,833003.5,0.180858896,0.392857143
2020.4.28,화요일,886,737395.2,0,0.779527559
2020.4.29,수요일,876,698976.5,0,0.770491803
2020.4.30,목요일,914,646700.3,0,0.544303797
2020.5.1,금요일,864,643795.7,0,0.745454545
2020.5.2,토요일,853,638774.7,1.106636921,0.6
2020.5.4,월요일,1065,677462.1,0.010909091,0.816666667
2020.5.5,화요일,1287,574165.7,1.047239264,0.84
2020.5.6,수요일,1277,620502.9,0,0.540740741
2020.5.7,목요일,1148,653114.5,0,0.676056338
2020.5.8,금요일,1017,497088.4,3.679821528,0.74025974
2020.5.9,토요일,973,629943,45.45694367,1
2020.5.11,월요일,1043,691314.8,0.352816509,0.681528662
2020.5.12,화요일,1099,692195.2,0.396196319,0.861386139
2020.5.13,수요일,1238,667730.3,0,0.713043478
2020.5.14,목요일,1204,674621.7,0,0.8
2020.5.15,금요일,1235,671638.3,22.0412493,0.655172414
2020.5.16,토요일,1254,613500.3,0.953530396,0.80952381
2020.5.18,월요일,1173,613703.5,21.40215282,0.603603604
2020.5.19,화요일,1234,706800.2,11.89715561,0.729166667
2020.5.20,수요일,1262,599776.9,0.643636364,0.912621359
2020.5.21,목요일,1274,541362.5,0,0.611510791
2020.5.22,금요일,1297,630908.4,0.286090351,0.736263736
2020.5.23,토요일,1347,655332.9,0.077055215,NA
2020.5.25,월요일,1376,788528.1,0.002755159,0.646153846
2020.5.26,화요일,1417,682946.7,0.519442276,0.857923497
2020.5.27,수요일,1339,706023.2,0.01376464,0.736842105
2020.5.28,목요일,1285,678531.4,0.021818182,0.693430657
2020.5.29,금요일,1225,653182.8,0,0.395833333
2020.5.30,토요일,1174,652341.4,0.069325153,0.388888889
2020.6.1,월요일,1286,672846.2,0.280368098,0.611594203
2020.6.2,화요일,1342,666837.1,0.48775237,0.674681754
2020.6.3,수요일,1350,629549.3,0.163123257,0.721925134
2020.6.4,목요일,1283,709028.9,0.050128277,0.768762677
2020.6.5,금요일,1195,674438.1,0.017836029,0.672222222
2020.6.6,토요일,1107,657445.7,1.201818182,0.603603604
2020.6.8,월요일,1183,710458,0,0.621521336
2020.6.9,화요일,1153,667312,0,0.723163842
2020.6.10,수요일,1032,472466.5,10.13350809,0.685185185
2020.6.11,목요일,1125,583571.8,5.661293921,0.746556474
2020.6.12,금요일,1257,508727.4,14.3014947,0.722095672
2020.6.13,토요일,1415,538596.8,25.67396542,0.524752475
2020.6.15,월요일,1897,435180.3,0.002755159,0.772486772
2020.6.16,화요일,1539,636231,0,0.594728171
2020.6.17,수요일,1421,639764.4,2.877211378,0.72876304
2020.6.18,목요일,1271,669366.5,32.70603458,0.71019678
2020.6.19,금요일,1424,544462.5,2.205253765,0.661016949
2020.6.20,토요일,1547,416231.1,0.085677635,0.515151515
2020.6.22,월요일,1341,619380.3,0,0.754216867
2020.6.23,화요일,1337,670144.5,0,0.703703704
2020.6.24,수요일,1602,594851.9,28.998628,0.703703704
2020.6.25,목요일,1548,619986.1,4.693742331,0.610315186
2020.6.26,금요일,1379,637342.6,0.472225321,0.797014925
2020.6.27,토요일,1204,669449,0.433943112,0.481012658
2020.6.29,월요일,1144,804131.4,38.59085332,0.715
2020.6.30,화요일,1167,528082.6,35.70263246,0.693181818
2020.7.1,수요일,1200,603610.6,1.333095371,0.729281768
2020.7.2,목요일,1235,541197.5,0.182744004,0.41031941
2020.7.3,금요일,1065,666528.3,7.942565533,0.681681682
2020.7.4,토요일,1081,557218.6,0.501293921,0.872727273
2020.7.6,월요일,1114,747116.5,4.434121584,0.605128205
2020.7.7,화요일,1051,734358.7,1.894121584,0.606153846
2020.7.8,수요일,1016,679284.6,0.010909091,0.651785714
2020.7.9,목요일,1028,548461.7,0.941974345,0.743055556
2020.7.10,금요일,1033,616113.5,35.44132738,0.819004525
2020.7.11,토요일,1231,475287.6,1.69366425,0.578947368
2020.7.13,월요일,1397,648407.6,85.0983826,0.732101617
2020.7.14,화요일,1456,558491.7,9.986547685,0.714285714
2020.7.15,수요일,1499,500102.3,2.820345789,0.721362229
2020.7.16,목요일,1512,561893.9,0.592582264,0.834285714
2020.7.17,금요일,1370,681025,0.540747351,0.606557377
2020.7.18,토요일,1330,662189.6,1.084394869,0.642857143
2020.7.20,월요일,1254,796102.1,7.605298383,0.623188406
2020.7.21,화요일,1088,688850,6.282643614,0.757869249
2020.7.22,수요일,895,552090.2,22.5189961,0.72972973
2020.7.23,목요일,1136,529156.1,70.12287786,0.632850242
2020.7.24,금요일,1326,500937.6,24.80029002,0.712871287
2020.7.25,토요일,1443,425559.9,8.424071389,0.485714286
2020.7.27,월요일,1351,767714.7,12.11216955,0.516233766
2020.7.28,화요일,1309,725542.6,11.91778026,0.393548387
2020.7.29,수요일,1233,695161.3,34.35851645,0.512345679
2020.7.30,목요일,1397,567389.4,26.42827663,0.583061889
2020.7.31,금요일,1872,525686.5,3.488510876,0.544086022
2020.8.1,토요일,1416,146875.9,13.29937535,0.509025271
2020.8.3,월요일,2017,695284.4,26.04031233,0.597033375
2020.8.4,화요일,1807,559318.6,16.29348578,0.531449407
2020.8.5,수요일,1871,565972.2,21.4075739,0.421555252
2020.8.6,목요일,1878,576488.1,36.22651422,0.374117647
2020.8.7,금요일,2588,442655.1,43.13988846,0.579514825
2020.8.8,토요일,2119,580479.7,58.34327942,0.535714286
2020.8.10,월요일,2548,669517.6,34.27264919,0.523731588
2020.8.11,화요일,2432,578347.9,34.60716118,0.596129032
2020.8.12,수요일,2803,400421.2,3.18283324,0.560344828
2020.8.13,목요일,2124,660025.2,0.038527607,0.513169846
2020.8.14,금요일,1858,696280.8,1.085956497,0.503875969
2020.8.15,토요일,1739,679901.3,15.10297825,0.447552448
2020.8.17,월요일,2110,667217.1,0,0.458422175
2020.8.18,화요일,1852,704924.6,0,0.507723996
2020.8.19,수요일,1688,678180.3,0,0.495238095
2020.8.20,목요일,1530,661516.8,0.567272727,0.625
2020.8.21,금요일,1381,663413,1.946391523,0.494407159
2020.8.22,토요일,1742,538103.2,11.27167875,0.491525424
2020.8.24,월요일,2009,672670.7,0.009693252,0.587628866
2020.8.25,화요일,1934,668884.8,0.631466815,0.556218905
2020.8.26,수요일,1898,668260,31.37247072,0.526539278
2020.8.27,목요일,1932,670858.1,7.813753486,0.505025126
2020.8.28,금요일,2365,513489.6,11.90215282,0.528735632
2020.8.29,토요일,1814,580538.5,15.57965421,0.512195122
2020.8.31,월요일,1799,683145.3,2.399040714,0.536480687
2020.9.1,화요일,1559,705184.4,0.521885109,0.649792531
2020.9.2,수요일,1678,650382.7,71.00880089,0.49784792
2020.9.3,목요일,2160,529274.7,44.15131065,0.478134111
2020.9.4,금요일,2880,359629.3,0.143201339,0.417624521
2020.9.5,토요일,1888,646667.6,2.340568879,0.521912351
2020.9.7,월요일,2868,543761.2,72.43162298,0.354304636
2020.9.8,화요일,2539,596599.9,0.543959844,0.535496957
2020.9.9,수요일,2400,534773.1,11.67954267,0.577464789
2020.9.10,목요일,2343,655278.1,0.450686001,0.539412674
2020.9.11,금요일,2222,683596.9,12.33747909,0.425867508
2020.9.12,토요일,2176,711635.8,12.48053542,0.387387387
2020.9.14,월요일,2366,706342.8,0.033061907,0.515217391
2020.9.15,화요일,2206,767126.9,0.017836029,0.453310696
2020.9.16,수요일,2190,764800,4.114790853,0.647843943
2020.9.17,목요일,2131,750650.2,3.080669269,0.726989773
2020.9.18,금요일,2059,764899.1,1.443970998,0.726315789
2020.9.19,토요일,2046,734652.9,1.558918015,0.703703704
2020.9.21,월요일,2028,844454.5,0,0.764735837
2020.9.22,화요일,2039,806606.3,0.007919688,0.72827952
2020.9.23,수요일,2216,734453,0.376285555,0.788066139
2020.9.24,목요일,2380,770271,1.57923034,0.728650333
2020.9.25,금요일,2239,781384.8,2.909726715,0.708881283
2020.9.26,토요일,2126,810812.8,1.414021194,0.686421605
2020.9.28,월요일,2614,972402.9,0,0.718547537
