"date","요일","가격","토마토거래량","기온_지속영향_size5","토마토_강수량_지속영향_size10"
"2016.1.4","월요일",1834,291057,NA,NA
"2016.1.5","화요일",1833,194626.5,NA,NA
"2016.1.6","수요일",1999,178811,NA,NA
"2016.1.7","목요일",1921,107346.3,NA,NA
"2016.1.8","금요일",2107,190624,1.3,NA
"2016.1.9","토요일",2111,137028,0.38,NA
"2016.1.11","월요일",2170,199396,0.12,NA
"2016.1.12","화요일",2281,170969,-0.44,NA
"2016.1.13","수요일",2488,162336,-0.76,NA
"2016.1.14","목요일",2344,103103,-0.88,0.215860186
"2016.1.15","금요일",2436,180422.8,-1.06,0.344533042
"2016.1.16","토요일",2473,146096.4,-0.76,0.230304023
"2016.1.18","월요일",2513,171395,-0.74,0.445618059
"2016.1.19","화요일",2587,162940,-2,0.645210268
"2016.1.20","수요일",2498,156328.5,-3.16,0.639148007
"2016.1.21","목요일",2629,85548.7,-4.06,0.634622246
"2016.1.22","금요일",2752,156445,-5.06,0.457837247
"2016.1.23","토요일",2552,136158,-6.06,0.941434553
"2016.1.25","월요일",2640,144853.3,-5.88,0.844467504
"2016.1.26","화요일",2763,110429.5,-4.84,0.85145822
"2016.1.27","수요일",2831,153214,-3.86,0.620065538
"2016.1.28","목요일",2743,118587,-2.96,2.04507191
"2016.1.29","금요일",2999,183726,-1.1,3.720298562
"2016.1.30","토요일",2966,115350,0.66,3.778008374
"2016.2.1","월요일",3089,183779,0.42,3.774658656
"2016.2.2","화요일",2892,133900,-0.3,3.449856181
"2016.2.3","수요일",3176,160674,-0.72,3.695390497
"2016.2.4","목요일",3120,117904,-1.1,3.431017659
"2016.2.5","금요일",3168,233384.5,-1.58,3.371636628
"2016.2.6","토요일",2726,197174.2,-1.28,2.218143091
"2016.2.10","수요일",1752,305,-0.16,1.892292008
"2016.2.11","목요일",2884,184573,1.56,2.044030584
"2016.2.12","금요일",2543,388787.8,3.42,5.279548516
"2016.2.13","토요일",2325,193490.6,5.8,7.751906062
"2016.2.15","월요일",2588,303740.5,5.46,7.809266339
"2016.2.16","화요일",2914,261719,5,7.938565447
"2016.2.17","수요일",2634,235259,3.88,7.943488076
"2016.2.18","목요일",2642,190891,2.66,7.706415438
"2016.2.19","금요일",2674,290897.5,1.22,7.971713089
"2016.2.20","토요일",2494,245116.4,2.54,7.651560167
"2016.2.22","월요일",2763,300304,3.1,3.023196796
"2016.2.23","화요일",2690,232827,3.52,5.017757145
"2016.2.24","수요일",2750,226304.6,2.6,3.095823776
"2016.2.25","목요일",2852,215021.5,1.76,0.310132896
"2016.2.26","금요일",2796,274837.5,1.62,0.543080284
"2016.2.27","토요일",2771,272901.5,2.12,0.712200983
"2016.2.29","월요일",2925,324991.5,1.1,0.776413617
"2016.3.1","화요일",2762,229064.5,1.02,0.758601857
"2016.3.2","수요일",3054,272724.5,1.6,0.741405425
"2016.3.3","목요일",3179,211138,2.48,0.688057528
"2016.3.4","금요일",3147,309472,3.32,2.487922811
"2016.3.5","토요일",3207,246464.5,6.04,8.596675769
"2016.3.7","월요일",3375,336665.5,8.1,8.297105407
"2016.3.8","화요일",3467,298651,8.64,8.82810122
"2016.3.9","수요일",3511,300282,7.82,9.58054615
"2016.3.10","목요일",3581,228806.5,6.2,9.341208811
"2016.3.11","금요일",3649,326143.5,3.98,9.284372838
"2016.3.12","토요일",3408,329735.5,2.7,9.281227016
"2016.3.14","월요일",3387,435010,2.36,7.431319862
"2016.3.15","화요일",3285,275206.5,2.86,3.268807573
"2016.3.16","수요일",3351,307135,4.36,7.42817404
"2016.3.17","목요일",3541,240015.5,6.26,0.745953031
"2016.3.18","금요일",3415,364836.5,8,2.519384671
"2016.3.19","토요일",3426,313877.5,9.24,2.48547606
"2016.3.21","월요일",3507,504512,9.84,1.841085017
"2016.3.22","화요일",3367,350913.5,9.94,1.823498999
"2016.3.23","수요일",3362,407406.5,9.52,1.99025669
"2016.3.24","목요일",3351,280143,8.56,2.056249772
"2016.3.25","금요일",3364,484269.5,7.64,2.062075369
"2016.3.26","토요일",3181,438444.5,7.06,2.109430184
"2016.3.28","월요일",3286,548128.5,7.06,0.389765156
"2016.3.29","화요일",3146,356070,7.82,2.131472784
"2016.3.30","수요일",3051,430672,9.08,0.374363736
"2016.3.31","목요일",3267,280306,10.4,0.374538504
"2016.4.1","금요일",3314,522224.5,11.9,0.178834881
"2016.4.2","토요일",3345,474467.2,12.82,0.337491353
"2016.4.4","월요일",3143,676335.5,12.68,0.432022574
"2016.4.5","화요일",3030,431787,12.54,0.344948116
"2016.4.6","수요일",2952,477505.5,12.62,2.814309121
"2016.4.7","목요일",3039,377200.5,12.52,7.058387038
"2016.4.8","금요일",2883,499678.5,12.52,7.080429638
"2016.4.9","토요일",2798,523529,13.26,7.061773166
"2016.4.11","월요일",2760,763936.5,13.04,7.102909157
"2016.4.12","화요일",2678,506673,12.98,7.227278354
"2016.4.13","수요일",2602,554563.5,13.28,9.647671582
"2016.4.14","목요일",2767,448851.5,13.44,9.935630803
"2016.4.15","금요일",2609,618690.5,13.2,7.228337885
"2016.4.16","토요일",2386,626927.5,13.94,12.38719461
"2016.4.18","월요일",2315,890490,14.04,14.73781904
"2016.4.19","화요일",2210,596073,13.7,10.38912798
"2016.4.20","수요일",2053,750502,13.54,10.59920626
"2016.4.21","목요일",2048,518048,13.56,16.64524668
"2016.4.22","금요일",1972,681802,14.06,14.02047697
"2016.4.23","토요일",1877,702121,14.5,16.60830512
"2016.4.25","월요일",1837,984044.5,15.18,13.89995267
"2016.4.26","화요일",1771,607570.6,15.8,7.167296559
"2016.4.27","수요일",1779,665574,15.52,18.66672492
"2016.4.28","목요일",1902,387392.5,14.82,12.46824322
"2016.4.29","금요일",1905,661421,14.66,11.82229383
"2016.4.30","토요일",1889,712838,14.78,5.930799199
"2016.5.2","월요일",1712,1110618.9,15.16,13.93073002
"2016.5.3","화요일",1683,627278.5,15.74,13.61778991
"2016.5.4","수요일",1540,853887.5,16.42,13.68170399
"2016.5.5","목요일",1623,653190.5,17.18,13.50139814
"2016.5.6","금요일",1501,792737,17.46,9.452095394
"2016.5.7","토요일",1388,891489.6,17.1,13.44362279
"2016.5.9","월요일",1298,1279843.5,17.66,9.132707082
"2016.5.10","화요일",1238,736026,17.04,13.25965046
"2016.5.11","수요일",1193,914507,16.54,11.28379028
"2016.5.12","목요일",1350,610492.5,16.56,7.573752048
"2016.5.13","금요일",1305,836482,16.46,11.23848534
"2016.5.14","토요일",1224,775276,16.3,5.292616057
"2016.5.16","월요일",1175,1100692,16.6,6.171174222
"2016.5.17","화요일",1196,643182,17.02,6.410609867
"2016.5.18","수요일",1230,763024,17.48,5.93649736
"2016.5.19","목요일",1231,627377,18.22,1.398798471
"2016.5.20","금요일",1285,648140.5,18.74,5.783353359
"2016.5.21","토요일",1299,612243,19.68,1.3456217
"2016.5.23","월요일",1289,1070729,20.24,1.179668669
"2016.5.24","화요일",1282,630627,19.78,5.901838704
"2016.5.25","수요일",1299,792942.5,19.6,4.709361005
"2016.5.26","목요일",1261,736285,19.7,5.908734753
"2016.5.27","금요일",1264,938888.5,19.98,4.761707628
"2016.5.28","토요일",1175,880013,20.04,4.87788458
"2016.5.30","월요일",1095,1268227.5,20.7,4.87788458
"2016.5.31","화요일",1061,735350,21.16,4.87788458
"2016.6.1","수요일",1032,958567.6,21.26,4.876104133
"2016.6.2","목요일",1040,702672,21,0.178987803
"2016.6.3","금요일",1012,905995,21.14,4.893471691
"2016.6.4","토요일",978,877463.5,20.76,1.04715456
"2016.6.6","월요일",923,1257390,20.32,1.151822319
"2016.6.7","화요일",904,956047,20.38,1.114797014
"2016.6.8","수요일",885,923107,20.54,1.454742399
"2016.6.9","목요일",889,791338,20.66,1.338565447
"2016.6.10","금요일",888,828798,21.34,1.338565447
"2016.6.11","토요일",846,787140,22.16,1.872787184
"2016.6.13","월요일",820,1263436.8,22.42,1.898605498
"2016.6.14","화요일",824,752335,22.64,1.149568542
"2016.6.15","수요일",830,850726,22.5,3.227988349
"2016.6.16","목요일",866,619060,22.36,2.596227926
"2016.6.17","금요일",915,787580,22.28,2.297331149
"2016.6.18","토요일",886,791740,22.52,2.682570544
"2016.6.20","월요일",874,1047043,22.74,3.819249954
"2016.6.21","화요일",879,613552,23.16,3.334454761
"2016.6.22","수요일",855,738225,23.3,5.826542873
"2016.6.23","목요일",904,662290,23.5,5.204773348
"2016.6.24","금요일",865,734321,23.14,10.5226106
"2016.6.25","토요일",821,789185,23.04,11.50057528
"2016.6.27","월요일",805,1117888,22.74,10.59960677
"2016.6.28","화요일",808,596606,22.66,10.36144184
"2016.6.29","수요일",802,600082,22.38,9.472466776
"2016.6.30","목요일",860,469738,22.88,10.89892591
"2016.7.1","금요일",859,568821,23.18,21.12451484
"2016.7.2","토요일",801,489953,23.48,28.10084107
"2016.7.4","월요일",809,760589,23.44,31.40660477
"2016.7.5","화요일",888,430906,23.84,50.94630985
"2016.7.6","수요일",940,397576,23.68,49.15037684
"2016.7.7","목요일",995,386724.4,23.68,49.33903878
"2016.7.8","금요일",1127,443744,24.04,49.25242672
"2016.7.9","토요일",1238,457896,24.82,49.09926816
"2016.7.11","월요일",1284,606203,24.98,36.21486255
"2016.7.12","화요일",1322,385661,25.18,46.5185436
"2016.7.13","수요일",1373,465664,25.46,26.35698525
"2016.7.14","목요일",1292,513536,25.38,21.00123066
"2016.7.15","금요일",1292,540706,25.06,17.56549791
"2016.7.16","토요일",1087,531564.6,24.28,17.53325687
"2016.7.18","월요일",1053,693961,24.1,12.49147278
"2016.7.19","화요일",1022,449269,23.98,12.60850537
"2016.7.20","수요일",976,414287.5,24.04,11.72057164
"2016.7.21","목요일",1033,256722,24.16,10.21876934
"2016.7.22","금요일",1136,246530.7,24.98,11.64924813
"2016.7.23","토요일",1264,287275,25.52,9.130045512
"2016.7.25","월요일",1327,432406,25.98,10.85462953
"2016.7.26","화요일",1452,272888,26.52,1.898485345
"2016.7.27","수요일",1493,395069.5,27.1,10.05014382
"2016.7.28","목요일",1525,337651,27.6,2.066666667
"2016.7.29","금요일",1394,396856,27.88,4.843371564
"2016.7.30","토요일",1059,421804,28.1,5.912608775
"2016.8.1","월요일",1018,556079,27.98,6.604908065
"2016.8.2","화요일",1010,376175,27.66,6.676173311
"2016.8.3","수요일",1080,392928,27.34,6.59321318
"2016.8.4","목요일",1070,380421,27.32,7.198714728
"2016.8.5","금요일",1053,416224.5,27.24,6.001776807
"2016.8.6","토요일",914,168866,27.42,6.104809758
"2016.8.8","월요일",1042,541350.5,27.78,4.39047515
"2016.8.9","화요일",1050,340596,27.98,5.985381395
"2016.8.10","수요일",1115,355898.5,28.12,3.544584016
"2016.8.11","목요일",1151,367461,28.38,2.558823958
"2016.8.12","금요일",1165,387400.5,28.62,2.082890952
"2016.8.13","토요일",1067,416553,28.88,1.720382305
"2016.8.15","월요일",1071,580034,29.04,1.86470781
"2016.8.16","화요일",1059,452947,28.94,2.176905152
"2016.8.17","수요일",1046,533577.5,28.62,1.337018023
"2016.8.18","목요일",1116,379256,28.32,2.30160568
"2016.8.19","금요일",1170,403876,28.06,1.492302931
"2016.8.20","토요일",1148,436741.5,28.02,1.421456399
"2016.8.22","월요일",1133,582612.5,28.04,1.601372656
"2016.8.23","화요일",1213,370170,27.96,1.977494994
"2016.8.24","수요일",1305,388539.9,27.82,1.527697069
"2016.8.25","목요일",1423,359578,27.62,2.338456217
"2016.8.26","금요일",1515,353615,26.34,5.531181504
"2016.8.27","토요일",1590,354879,25.14,5.12751866
"2016.8.29","월요일",1737,479117,23.78,6.295317677
"2016.8.30","화요일",1948,264309.5,22.46,6.568458038
"2016.8.31","수요일",2238,269040,21.38,8.094389223
"2016.9.1","목요일",2597,199384,21.92,8.26434371
"2016.9.2","금요일",2873,214184,21.8,12.98211542
"2016.9.3","토요일",3152,246892,22.28,14.71920262
"2016.9.5","월요일",3003,341825,23.06,12.80426725
"2016.9.6","화요일",3169,190902.8,23.42,14.96873475
"2016.9.7","수요일",3008,237769,23.12,10.91126889
"2016.9.8","목요일",3316,180399,23.38,12.31006008
"2016.9.9","금요일",3646,264304,23.36,10.05815766
"2016.9.10","토요일",3088,307805,22.92,11.99081012
"2016.9.12","월요일",2259,548706,22.54,7.922457673
"2016.9.13","화요일",1991,364338,22.4,9.076734025
"2016.9.14","수요일",962,211369,22.38,7.120932095
"2016.9.17","토요일",1563,4300,21.92,21.01588567
"2016.9.19","월요일",1208,627154,21.48,20.38323321
"2016.9.20","화요일",1460,390764,20.9,20.02342982
"2016.9.21","수요일",1745,334664,20.1,19.86337885
"2016.9.22","목요일",1899,279879,19.46,18.94880393
"2016.9.23","금요일",1962,276057,19.3,17.359432
"2016.9.24","토요일",1873,315149,19.34,18.4173712
"2016.9.26","월요일",1967,317463,19.92,16.87431276
"2016.9.27","화요일",2020,186819,20.78,1.797768068
"2016.9.28","수요일",2272,189672,21.16,20.09509558
"2016.9.29","목요일",2423,168207,21.04,3.953792099
"2016.9.30","금요일",2781,193407,20.52,6.712186419
"2016.10.1","토요일",2861,219975,20,7.303626434
"2016.10.3","월요일",3222,239858,19.98,10.08034954
"2016.10.4","화요일",3420,220570,20,10.26889496
"2016.10.5","수요일",3439,220098,20.08,19.89673403
"2016.10.6","목요일",3552,197677,20.24,18.87853268
"2016.10.7","금요일",3607,218764,20.1,20.13030766
"2016.10.8","토요일",3407,228545,19.06,25.21300564
"2016.10.10","월요일",3655,282211,17.44,20.75007464
"2016.10.11","화요일",3393,230855.5,16.44,22.71169488
"2016.10.12","수요일",3485,224838,15.74,17.72342982
"2016.10.13","목요일",3483,171538,14.96,19.70901511
"2016.10.14","금요일",3853,183180,14.52,7.157771709
"2016.10.15","토요일",3651,204431.5,15.2,16.91285272
"2016.10.17","월요일",3593,264510,15.84,4.918580011
"2016.10.18","화요일",3246,238804,16.08,2.206473694
"2016.10.19","수요일",3249,231185,16.54,4.909896232
"2016.10.20","목요일",2979,233343,16.86,0.127533224
"2016.10.21","금요일",2855,273619,16.84,0.407525942
"2016.10.22","토요일",2364,347984.5,16.66,0.605133807
"2016.10.24","월요일",2364,374444,16.24,0.60759148
"2016.10.25","화요일",2154,284882,15.8,4.053344256
"2016.10.26","수요일",2184,248003,15.2,4.001689423
"2016.10.27","목요일",2087,249096,14.78,4.061037684
"2016.10.28","금요일",2113,240415,14.24,5.174884398
"2016.10.29","토요일",1896,274367.5,13.52,5.493052977
"2016.10.31","월요일",2070,278094.5,12.26,5.317389405
"2016.11.1","화요일",1945,188635,10.42,5.37372292
"2016.11.2","수요일",2163,202074,8.58,5.282195522
"2016.11.3","목요일",2113,130722,7.38,1.672932824
"2016.11.4","금요일",2434,179532.6,7.3,5.092452212
"2016.11.5","토요일",2177,170862,8.28,1.758922265
"2016.11.7","월요일",2367,242084,9.98,0.974316403
"2016.11.8","화요일",2283,151503,10.56,2.221252503
"2016.11.9","수요일",2395,194227,9.8,1.350020025
"2016.11.10","목요일",2481,124835,9.22,1.771662115
"2016.11.11","금요일",2498,208180,8.44,1.902872747
"2016.11.12","토요일",2302,177352,7.82,1.893493537
"2016.11.14","월요일",2389,224704,9.04,2.452805389
"2016.11.15","화요일",2256,168216,10.08,2.334327326
"2016.11.16","수요일",2410,177544,9.94,2.034527581
"2016.11.17","목요일",2443,136522,9.82,1.881955216
"2016.11.18","금요일",2391,214229,9.82,4.587624249
"2016.11.19","토요일",2227,194365,9.64,3.637935554
"2016.11.21","월요일",2341,197214,9.8,4.173926816
"2016.11.22","화요일",2321,163623,9.74,3.991261606
"2016.11.23","수요일",2248,181453,8.62,3.2396359
"2016.11.24","목요일",2311,124215,6.76,3.78974331
"2016.11.25","금요일",2358,161633,4.46,3.239810668
"2016.11.26","토요일",2280,161449,2.64,3.797036228
"2016.11.28","월요일",2414,155943,2.14,1.145523393
"2016.11.29","화요일",2470,116252,2.14,3.599104315
"2016.11.30","수요일",2396,152454.8,3.24,1.588385218
"2016.12.1","목요일",2448,98097,4.16,1.101427271
"2016.12.2","금요일",2865,157789,4.52,1.380167486
"2016.12.3","토요일",3135,92830,4.56,1.070304023
"2016.12.5","월요일",3404,158114.5,5.52,1.091924267
"2016.12.6","화요일",3300,134426,4.64,0.53452394
"2016.12.7","수요일",3473,135923,3.66,1.120564355
"2016.12.8","목요일",3514,88679,3.78,0.842963772
"2016.12.9","금요일",3338,173941,3.9,0.762184599
"2016.12.10","토요일",3215,125538.5,2.48,1.161063171
"2016.12.12","월요일",3246,163480,2.9,0.796781358
"2016.12.13","화요일",3252,134660.5,3.66,0.946273439
"2016.12.14","수요일",3014,152178.5,3.26,1.680061897
"2016.12.15","목요일",3277,93453,2.18,1.726772256
"2016.12.16","금요일",3021,178785,1.66,1.665046423
"2016.12.17","토요일",2931,121823,1.56,1.390060076
"2016.12.19","월요일",3099,167548,1.92,2.4237211
"2016.12.20","화요일",3097,128959,3.06,2.469761515
"2016.12.21","수요일",2831,136647,4.96,7.680928454
"2016.12.22","목요일",3069,92942,7,11.10858911
"2016.12.23","금요일",2999,180288,6.66,10.61833242
"2016.12.24","토요일",3000,100695,5.32,11.19760786
"2016.12.26","월요일",3157,144635,4.78,12.40318587
"2016.12.27","화요일",3129,127491,3.28,13.37768797
"2016.12.28","수요일",2810,135741,1.32,12.27311123
"2016.12.29","목요일",3234,78024,0.72,13.41484435
"2016.12.30","금요일",2992,201859,0.34,6.702035318
"2016.12.31","토요일",3055,98090,-0.24,8.767762607
"2017.1.2","월요일",3167,35306,0.62,6.551259678
"2017.1.3","화요일",3095,250238,1.62,3.16666838
"2017.1.4","수요일",2970,148447,2.64,1.04415245
"2017.1.5","목요일",3148,81791.5,3.78,2.60747079
"2017.1.6","금요일",3035,192032,4.48,1.657067873
"2017.1.7","토요일",2959,113050.5,4.18,0.712963991
"2017.1.9","월요일",3093,161470.2,4.34,0.782978323
"2017.1.10","화요일",3044,150284,3.66,0.739633831
"2017.1.11","수요일",2959,125798.5,2.46,0.736514239
"2017.1.12","목요일",2519,120267,1.56,0.781623881
"2017.1.13","금요일",2855,184996.5,0.32,0.832378109
"2017.1.14","토요일",2668,117003,-1.56,0.254630846
"2017.1.16","월요일",2692,164029,-2.24,0.815765174
"2017.1.17","화요일",2627,133660,-2.24,0.169337313
"2017.1.18","수요일",2642,123512,-2.28,0.202268657
"2017.1.19","목요일",2685,93197,-1.82,0.14201791
"2017.1.20","금요일",2694,172349,-1.16,1.483653731
"2017.1.21","토요일",2570,101571.5,-1.08,1.602825871
"2017.1.23","월요일",2673,177944,-1.92,1.576855721
"2017.1.24","화요일",2600,136113,-2.96,1.599040796
"2017.1.25","수요일",2548,129781,-3.72,1.544039801
"2017.1.26","목요일",2730,166905.8,-3.56,1.54400398
"2017.1.27","금요일",2315,57375,-2.74,1.849098507
"2017.1.31","화요일",2391,67782,-2.14,1.849098507
"2017.2.1","수요일",2522,335353,-1.44,0.473245771
"2017.2.2","목요일",2554,151389,-0.88,1.704855721
"2017.2.3","금요일",2721,179669.7,-0.34,0.458579104
"2017.2.4","토요일",2692,172136,0.18,0.549743284
"2017.2.6","월요일",2941,203833,0.92,0.535076617
"2017.2.7","화요일",2849,210697,1.18,0.525834826
"2017.2.8","수요일",2919,198081.5,1.52,0.238372139
"2017.2.9","목요일",2999,122966,0.74,0.564692537
"2017.2.10","금요일",2960,240684.5,-0.9,0.403096517
"2017.2.11","토요일",2921,153696,-1.62,0.429393035
"2017.2.13","월요일",3000,235153.5,-1.44,0.475765174
"2017.2.14","화요일",2918,223413.5,-1.3,0.258614925
"2017.2.15","수요일",2972,208303.5,-0.4,0.479355224
"2017.2.16","목요일",3116,139482.5,1.84,0.568206965
"2017.2.17","금요일",2995,278120,3.52,0.969799005
"2017.2.18","토요일",3008,205761,3.32,0.947721393
"2017.2.20","월요일",3008,321062.5,3.6,1.903653731
"2017.2.21","화요일",2789,249017,3.28,1.99038806
"2017.2.22","수요일",2788,261882,2.58,5.166519403
"2017.2.23","목요일",2881,143636,1.74,5.183004975
"2017.2.24","금요일",2672,318825.2,1.86,5.140222886
"2017.2.25","토요일",2748,255365,1.9,4.827040796
"2017.2.27","월요일",2871,354043.9,2.46,4.740939303
"2017.2.28","화요일",2731,258291.7,2.7,4.841329353
"2017.3.1","수요일",2877,264357,3.66,3.831028856
"2017.3.2","목요일",2924,202010.5,4.18,5.612776119
"2017.3.3","금요일",2833,384092,4.34,1.195717413
"2017.3.4","토요일",2830,313012,4.74,4.535422886
"2017.3.6","월요일",2877,439530.5,4.36,1.337775124
"2017.3.7","화요일",2608,322335.5,3.14,1.4656
"2017.3.8","수요일",2717,302818,2.78,1.461472637
"2017.3.9","목요일",2788,243429,3,1.475761194
"2017.3.10","금요일",2576,436128,2.96,0.984437811
"2017.3.11","토요일",2576,340750.5,3.68,0.757078607
"2017.3.13","월요일",2604,529293,5.24,0.989914428
"2017.3.14","화요일",2482,360284,6.06,0.578244776
"2017.3.15","수요일",2552,399331,6.02,0.436187065
"2017.3.16","목요일",2634,313603.5,6.06,0.4504199
"2017.3.17","금요일",2466,502803.5,6.14,0.426025871
"2017.3.18","토요일",2474,400843.5,6.24,0.308362189
"2017.3.20","월요일",2542,554499.5,6.8,0.893484577
"2017.3.21","화요일",2406,381375.5,7.26,1.349337313
"2017.3.22","수요일",2490,382369.5,7.52,1.343860697
"2017.3.23","목요일",2594,261586.5,7.88,1.102833831
"2017.3.24","금요일",2567,479212,7.76,1.390081592
"2017.3.25","토요일",2634,423334,7.38,2.278567164
"2017.3.27","월요일",2659,561767.5,7.16,2.554169154
"2017.3.28","화요일",2556,378593,7.24,2.717150249
"2017.3.29","수요일",2633,393122,7.2,2.358097512
"2017.3.30","목요일",2693,298860.5,7.74,2.497528358
"2017.3.31","금요일",2657,442626.6,8.2,3.471068657
"2017.4.1","토요일",2871,407870,8.5,3.780923383
"2017.4.3","월요일",2855,575354.2,9.34,3.827144279
"2017.4.4","화요일",2713,440722,10.32,2.599713433
"2017.4.5","수요일",2651,518207,10.88,7.410567164
"2017.4.6","목요일",2614,347862.5,11.86,8.467406965
"2017.4.7","금요일",2516,572555,13.2,8.118555224
"2017.4.8","토요일",2532,607628.5,13.88,8.197966169
"2017.4.10","월요일",2307,962598.5,13.88,6.877691542
"2017.4.11","화요일",2157,689670.5,13.66,9.123287562
"2017.4.12","수요일",2041,825937.5,13.4,8.825635821
"2017.4.13","목요일",1961,666382.5,13.18,8.013707463
"2017.4.14","금요일",1715,875941,13.14,4.378479602
"2017.4.15","토요일",1567,819599,13.98,6.181110448
"2017.4.17","월요일",1495,1058669.5,14.26,7.779677612
"2017.4.18","화요일",1457,673721,14.46,6.486121393
"2017.4.19","수요일",1522,752865,14.5,6.463355224
"2017.4.20","목요일",1592,600719,14.04,4.752274627
"2017.4.21","금요일",1580,778421.5,13.12,6.684855721
"2017.4.22","토요일",1613,691273,13,4.804955224
"2017.4.24","월요일",1618,1014267.2,13.34,4.531546269
"2017.4.25","화요일",1598,650686.4,14.06,4.937404975
"2017.4.26","수요일",1693,714505,14.56,1.53761592
"2017.4.27","목요일",1785,550851.6,14.56,4.055152239
"2017.4.28","금요일",1796,694208,14.98,1.51480199
"2017.4.29","토요일",1809,665950,15.4,0.469452736
"2017.5.1","월요일",1856,906970.5,15.58,0.659812935
"2017.5.2","화요일",1917,628193.5,15.98,0.408191045
"2017.5.3","수요일",1890,629941.5,17.04,0.449106468
"2017.5.4","목요일",1840,512630.4,17.84,0.33518408
"2017.5.5","금요일",1758,678674.5,18.38,0.988326368
"2017.5.6","토요일",1721,675635,18.16,1.055470647
"2017.5.8","월요일",1617,1052506.8,18.42,0.831383085
"2017.5.9","화요일",1539,598214.5,17.74,3.091299502
"2017.5.10","수요일",1594,622086.5,17.02,3.358949254
"2017.5.11","목요일",1656,494290.5,16.84,3.412047761
"2017.5.12","금요일",1703,592544.5,17.1,3.843661692
"2017.5.13","토요일",1722,613997.5,16.96,4.737058706
"2017.5.15","월요일",1741,766361.5,17.18,4.122766169
"2017.5.16","화요일",1794,553042.5,17.38,4.739418905
"2017.5.17","수요일",1865,617527.5,17.08,4.119677612
"2017.5.18","목요일",1920,425321,17.42,1.858081592
"2017.5.19","금요일",1978,597015,18.22,3.855418905
"2017.5.20","토요일",1931,592553.5,19.22,1.799880597
"2017.5.22","월요일",1928,908571,19.96,1.160497512
"2017.5.23","화요일",1887,647307.5,20.4,1.028712438
"2017.5.24","수요일",1829,727382,20.42,2.590762189
"2017.5.25","목요일",1778,600963.6,20.04,1.589010945
"2017.5.26","금요일",1696,823157.5,19.06,1.512851741
"2017.5.27","토요일",1564,744419,18.52,1.612748259
"2017.5.29","월요일",1458,1081083.5,19.28,1.510491542
"2017.5.30","화요일",1372,659949,19.94,1.510491542
"2017.5.31","수요일",1386,741006.8,20.34,2.098921393
"2017.6.1","목요일",1374,519781,21.32,2.406471642
"2017.6.2","금요일",1317,715071,21.62,1.930845771
"2017.6.3","토요일",1322,657644,20.8,2.519872637
"2017.6.5","월요일",1277,1035059,20.24,1.501862687
"2017.6.6","화요일",1246,656387,19.48,4.217225871
"2017.6.7","수요일",1265,705247.5,18.96,5.463510448
"2017.6.8","목요일",1257,538543,19.26,5.463510448
"2017.6.9","금요일",1277,699086,19.8,5.154065672
"2017.6.10","토요일",1258,745789.5,19.98,5.035916418
"2017.6.12","월요일",1228,945496,20.32,5.22481194
"2017.6.13","화요일",1282,626042,20.48,4.83358408
"2017.6.14","수요일",1337,646033,20.52,4.894654726
"2017.6.15","목요일",1387,522183.5,20.64,2.115793035
"2017.6.16","금요일",1453,632275,20.84,3.537397015
"2017.6.17","토요일",1489,601536,21.42,2.115793035
"2017.6.19","월요일",1467,776487,22.42,0.56678607
"2017.6.20","화요일",1482,522633,22.92,1.238459701
"2017.6.21","수요일",1499,622899,23.08,1.15518806
"2017.6.22","목요일",1519,531185,23.42,0.595319403
"2017.6.23","금요일",1496,699539.2,23.88,1.069257711
"2017.6.24","토요일",1399,713405.2,23.68,1.458857711
"2017.6.26","월요일",1262,1067323.9,23.48,4.453715423
"2017.6.27","화요일",1100,795950,23.42,5.2767801
"2017.6.28","수요일",974,780282.2,23.48,5.525763184
"2017.6.29","목요일",906,663121.3,23.32,6.476095522
"2017.6.30","금요일",864,651303.5,23.74,6.90878408
"2017.7.1","토요일",755,673343,24.36,7.520967164
"2017.7.3","월요일",772,790588.1,24.86,14.98067662
"2017.7.4","화요일",757,591783.6,25.1,18.50429453
"2017.7.5","수요일",790,555256,25.52,16.68821493
"2017.7.6","목요일",879,475869,25.54,21.4399403
"2017.7.7","금요일",915,483687.9,25.68,20.26204577
"2017.7.8","토요일",838,572529.4,25.68,24.99578905
"2017.7.10","월요일",795,734213.4,25.82,33.36251542
"2017.7.11","화요일",824,477519.8,25.92,32.73212338
"2017.7.12","수요일",880,504229.6,26.28,26.10105075
"2017.7.13","목요일",883,431153.7,26.5,28.30582687
"2017.7.14","금요일",958,392946.3,26.74,26.60469254
"2017.7.15","토요일",996,412643.6,26.62,23.88571144
"2017.7.17","월요일",1019,593670.2,26.6,27.05600796
"2017.7.18","화요일",1046,484854.7,26.36,18.95374726
"2017.7.19","수요일",1126,477090.6,26.42,17.22366169
"2017.7.20","목요일",1114,411109.7,26.74,15.96444577
"2017.7.21","금요일",1184,383528.2,27.52,10.86189453
"2017.7.22","토요일",1175,409386,27.8,11.24652736
"2017.7.24","월요일",1282,529798,28.02,11.50370547
"2017.7.25","화요일",1270,409491.6,27.9,10.29166567
"2017.7.26","수요일",1281,393961.7,27.42,11.94195821
"2017.7.27","목요일",1266,325541.9,26.64,7.699526368
"2017.7.28","금요일",1384,315275.2,26.28,9.462053731
"2017.7.29","토요일",1314,330698,25.94,9.756704478
"2017.7.31","월요일",1489,385143.7,25.54,13.57710647
"2017.8.1","화요일",1579,272171.6,25.66,12.26550448
"2017.8.2","수요일",1732,250626.5,26,12.03095323
"2017.8.3","목요일",2184,192287,26.24,10.24917413
"2017.8.4","금요일",2592,263416.6,26.86,9.896648756
"2017.8.5","토요일",2038,94563.2,27.82,8.279896517
"2017.8.7","월요일",2503,366674,28.2,6.476441791
"2017.8.8","화요일",2620,246751.6,28.24,7.739391045
"2017.8.9","수요일",2486,290063.8,27.92,5.205162189
"2017.8.10","목요일",2453,273067.6,27.34,12.1792
"2017.8.11","금요일",2305,307018,26.58,11.95381095
"2017.8.12","토요일",2056,368685.9,26,11.81707861
"2017.8.14","월요일",1996,497330,25.1,21.19161791
"2017.8.15","화요일",1940,261108.6,24.62,28.95435224
"2017.8.16","수요일",1932,251904.1,24.42,30.8369393
"2017.8.17","목요일",2043,253725.2,24.16,32.23584478
"2017.8.18","금요일",2118,228860.6,24.04,31.87959801
"2017.8.19","토요일",2155,287673.4,24.44,31.60534527
"2017.8.21","월요일",2239,367724.4,24.88,36.02119403
"2017.8.22","화요일",2265,234473.1,25.3,36.95276418
"2017.8.23","수요일",2309,272434.8,25.96,26.74987065
"2017.8.24","목요일",2391,239462,26.56,32.35094129
"2017.8.25","금요일",2465,264434.2,26.76,29.43923582
"2017.8.26","토요일",2315,320318,26.32,22.11461095
"2017.8.28","월요일",2303,462917,25.72,21.113401
"2017.8.29","화요일",2371,273854.8,24.62,20.85840398
"2017.8.30","수요일",2339,293431.2,22.96,13.38552836
"2017.8.31","목요일",2377,249901.3,22,16.51986866
"2017.9.1","금요일",2614,211022,21.62,9.125627861
"2017.9.2","토요일",2787,235837,21.02,5.774368159
"2017.9.4","월요일",2934,279345.2,20.94,6.647713433
"2017.9.5","화요일",3214,177210.6,21.14,3.447960199
"2017.9.6","수요일",3507,184329.6,21.1,3.911649751
"2017.9.7","목요일",4061,158141.5,21.12,6.172935323
"2017.9.8","금요일",4266,187157,21.46,4.223522388
"2017.9.9","토요일",4471,264419,21.52,4.028585075
"2017.9.11","월요일",3966,351366.8,21.5,13.2550209
"2017.9.12","화요일",3779,234649,21.68,13.25738109
"2017.9.13","수요일",3376,271508.8,21.42,13.22524179
"2017.9.14","목요일",3335,251764,21,12.88979104
"2017.9.15","금요일",3152,302080,20.68,9.933456716
"2017.9.16","토요일",2761,339290.5,20.66,12.56212935
"2017.9.18","월요일",2579,391684,20.44,9.582865672
"2017.9.19","화요일",2402,308755,20.8,10.74757413
"2017.9.20","수요일",2247,289760.8,20.68,1.567450746
"2017.9.21","목요일",2200,257096,20.2,10.80439403
"2017.9.22","금요일",2241,246336,19.96,1.567450746
"2017.9.23","토요일",1936,315808.8,19.8,1.565225871
"2017.9.25","월요일",2008,341422,19.78,1.565257711
"2017.9.26","화요일",1929,256305,20.3,1.617369154
"2017.9.27","수요일",1887,247966,20.54,5.458300498
"2017.9.28","목요일",1947,258340,20.62,4.053806965
"2017.9.29","금요일",1959,248390.8,19.8,5.481715423
"2017.9.30","토요일",2040,320161,18.9,4.053806965
"2017.10.2","월요일",1792,452786,18.42,6.847840796
"2017.10.3","화요일",1410,158838,18.16,7.260947264
"2017.10.7","토요일",1168,314641,18.1,7.343872637
"2017.10.9","월요일",1624,464999.5,19.12,7.271785075
"2017.10.10","화요일",1610,380698,19.84,4.44280995
"2017.10.11","수요일",1607,327333.6,19.4,10.49544279
"2017.10.12","목요일",1732,297744.8,18.4,8.228310448
"2017.10.13","금요일",1751,306254,17.12,8.133062687
"2017.10.14","토요일",1804,332898,15.76,5.284604975
"2017.10.16","월요일",1911,383079.2,14.68,7.777631841
"2017.10.17","화요일",1847,306302.8,14.16,5.260039801
"2017.10.18","수요일",1885,269560.6,14.66,5.052644776
"2017.10.19","목요일",1876,257179.4,15.12,4.120608955
"2017.10.20","금요일",1888,286070.6,15.34,2.651789055
"2017.10.21","토요일",1674,327328.6,15.26,2.660119403
"2017.10.23","월요일",1720,412239.8,14.82,1.721659701
"2017.10.24","화요일",1634,294489.2,14.04,0.281962189
"2017.10.25","수요일",1506,311938,13.32,0.224147264
"2017.10.26","목요일",1552,249932.1,12.82,0.278571144
"2017.10.27","금요일",1502,309182.6,12.68,0.095884577
"2017.10.28","토요일",1430,299627,13.16,0.145663682
"2017.10.30","월요일",1484,388897.1,12.4,0.095884577
"2017.10.31","화요일",1394,297370.4,11.82,0.019797015
"2017.11.1","수요일",1335,261212,11.72,0.019797015
"2017.11.2","목요일",1403,218248,11.52,0.036680597
"2017.11.3","금요일",1397,279785.2,10.88,0.730837811
"2017.11.4","토요일",1271,271613.2,10.92,1.603781095
"2017.11.6","월요일",1383,300025.6,11.08,1.603781095
"2017.11.7","화요일",1357,221836,11.34,1.645894527
"2017.11.8","수요일",1373,211333.8,11.48,1.653695522
"2017.11.9","목요일",1456,209207,10.9,1.653695522
"2017.11.10","금요일",1397,268325.2,11.58,2.167494527
"2017.11.11","토요일",1314,237424.4,11,2.13081393
"2017.11.13","월요일",1380,270337,9.94,1.584967164
"2017.11.14","화요일",1365,221117.8,8.96,1.341444776
"2017.11.15","수요일",1349,245857.4,8.22,1.561365174
"2017.11.16","목요일",1425,147747.6,6.54,0.626511443
"2017.11.17","금요일",1512,205321.8,6.22,0.710061692
"2017.11.18","토요일",1509,225490.8,4.98,0.682312438
"2017.11.20","월요일",1570,211649.4,3.76,0.176290547
"2017.11.21","화요일",1494,185846.8,3.24,0.690089552
"2017.11.22","수요일",1516,188498.2,3.68,0.196772139
"2017.11.23","목요일",1593,128765.8,3.12,0.418475622
"2017.11.24","금요일",1657,201458.3,3.1,0.646101493
"2017.11.25","토요일",1544,182175.8,3.28,1.538348259
"2017.11.27","월요일",1615,212913.6,3.48,1.487570149
"2017.11.28","화요일",1563,184582,3.88,1.541026866
"2017.11.29","수요일",1616,182388.8,4.92,1.513516418
"2017.11.30","목요일",1636,163755.6,4.96,1.522531343
"2017.12.1","금요일",1565,223846,4.04,1.396179104
"2017.12.2","토요일",1465,242009.4,3.52,1.368624876
"2017.12.4","월요일",1555,246435.4,2.5,1.133416915
"2017.12.5","화요일",1524,210957.6,0.54,0.441464677
"2017.12.6","수요일",1487,243927.7,0.24,1.271912438
"2017.12.7","목요일",1497,176815.6,0.88,0.55158209
"2017.12.8","금요일",1469,232821.8,0.36,0.571669652
"2017.12.9","토요일",1340,217258.4,0.06,0.599375124
"2017.12.11","월요일",1434,257152.4,-0.08,0.617289552
"2017.12.12","화요일",1452,246156,-1.4,0.620147264
"2017.12.13","수요일",1325,210854.4,-2.96,0.574989055
"2017.12.14","목요일",1431,143386.2,-3.5,0.576366169
"2017.12.15","금요일",1409,253298.6,-3.8,0.34078408
"2017.12.16","토요일",1382,184359,-3.54,0.400604975
"2017.12.18","월요일",1489,266214,-2.38,0.392374129
"2017.12.19","화요일",1487,218621,-1.6,0.242917413
"2017.12.20","수요일",1495,246625.4,-1.1,0.336676617
"2017.12.21","목요일",1485,154121.3,-0.96,0.376270647
"2017.12.22","금요일",1450,248685.2,-0.28,0.328931343
"2017.12.23","토요일",1363,215413.6,0.54,0.326073632
"2017.12.25","월요일",1401,229180,0.84,0.3288199
"2017.12.26","화요일",1406,206468,1.02,0.306280597
"2017.12.27","수요일",1311,255328.5,0.26,0.28159204
"2017.12.28","목요일",1322,164176.6,-0.38,0.290344279
"2017.12.29","금요일",1305,269452.8,-0.58,0.048238806
"2017.12.30","토요일",1295,242546,-0.04,0.372258706
"2018.1.2","화요일",1303,114208,0.12,0.196
"2018.1.3","수요일",1430,374881.2,0.58,0.196
"2018.1.4","목요일",1398,224142.2,0.54,0.193600106
"2018.1.5","금요일",1534,281166.4,-0.06,0.183725919
"2018.1.6","토요일",1498,257239.9,-0.78,0.205536865
"2018.1.8","월요일",1518,264552.5,-0.36,0.706381549
"2018.1.9","화요일",1518,170393.6,-0.3,1.036055933
"2018.1.10","수요일",1553,252323.3,-0.86,1.390223979
"2018.1.11","목요일",1608,188419,-2.48,1.75915023
"2018.1.12","금요일",1629,222734.8,-4.04,1.613054771
"2018.1.13","토요일",1549,184796,-5.12,1.626282703
"2018.1.15","월요일",1737,246257,-3.98,1.629136081
"2018.1.16","화요일",1674,207967,-2.32,3.103835874
"2018.1.17","수요일",1939,194245.6,0.18,3.429629211
"2018.1.18","목요일",2052,136818.6,2.62,3.633178995
"2018.1.19","금요일",2243,258917.9,3.5,2.919585921
"2018.1.20","토요일",2262,200472,2.86,2.892550348
"2018.1.22","월요일",2239,282178.2,2.68,2.94136646
"2018.1.23","화요일",2142,218611.8,0.54,2.735403727
"2018.1.24","수요일",2068,246863.6,-2.28,2.741705251
"2018.1.25","목요일",1913,136547.2,-4.52,1.264468285
"2018.1.26","금요일",1817,262514.4,-6.84,1.86252588
"2018.1.27","토요일",1710,184990.8,-8.82,1.259725202
"2018.1.29","월요일",1817,277902.3,-8.72,0.416499153
"2018.1.30","화요일",1827,218627.3,-7.56,0.44505176
"2018.1.31","수요일",1822,255051.4,-5.78,0.10203275
"2018.2.1","목요일",1831,150915.5,-4.12,0.455855449
"2018.2.2","금요일",1847,286419.8,-3.2,0.092256729
"2018.2.3","토요일",1758,245744.6,-2.92,0.154568041
"2018.2.5","월요일",1776,272274.9,-3.48,0.177410126
"2018.2.6","화요일",1702,216947,-4.88,0.225315264
"2018.2.7","수요일",1530,256320.9,-5.8,0.201742895
"2018.2.8","목요일",1585,163319.6,-6.04,0.203941276
"2018.2.9","금요일",1700,284706.5,-4.86,0.195046113
"2018.2.10","토요일",1538,234572.8,-3.08,0.187649162
"2018.2.12","월요일",1753,357649.4,-2.3,0.257801619
"2018.2.13","화요일",1710,269905.5,-1.1,0.220335027
"2018.2.14","수요일",1478,406662.3,0.56,0.242962545
"2018.2.15","목요일",1316,64720,0.66,0.180222097
"2018.2.19","월요일",1581,378232.1,0.92,0.177899492
"2018.2.20","화요일",1444,409833.1,2.28,0.132060982
"2018.2.21","수요일",1442,393449.6,2.52,0.134669678
"2018.2.22","목요일",1666,299546.1,1.7,0.139439112
"2018.2.23","금요일",1539,413872.1,2.2,0.319224544
"2018.2.24","토요일",1639,347672.8,2.56,0.491835121
"2018.2.26","월요일",1785,452313.5,2.64,0.425947676
"2018.2.27","화요일",1768,321682.5,3.56,0.400376435
"2018.2.28","수요일",1855,349291.3,4.56,7.94708451
"2018.3.1","목요일",2043,189644.5,4.24,8.170095991
"2018.3.2","금요일",1979,364420.1,3.58,8.166621494
"2018.3.3","토요일",2092,338414.5,4.48,8.15561453
"2018.3.5","월요일",2093,473704.6,4.6,11.0345831
"2018.3.6","화요일",2108,305662.6,4.42,11.17945417
"2018.3.7","수요일",2077,373836.8,4.88,12.15662714
"2018.3.8","목요일",2359,263742.9,5.28,15.57573499
"2018.3.9","금요일",2229,341462.1,4.46,8.066602673
"2018.3.10","토요일",2266,392777.7,4.28,15.39671372
"2018.3.12","월요일",2404,464995.2,4.92,8.066602673
"2018.3.13","화요일",2466,371183.7,6.36,7.84145304
"2018.3.14","수요일",2551,437689.5,8.74,4.716118954
"2018.3.15","목요일",2549,314929.7,10.6,13.14473179
"2018.3.16","금요일",2544,412491.2,10.68,9.018159232
"2018.3.17","토요일",2487,515360.5,10.18,6.627784679
"2018.3.19","월요일",2473,624842,9.42,12.68127612
"2018.3.20","화요일",2364,411609.8,7.44,9.356450216
"2018.3.21","수요일",2309,421351.1,5.24,10.84657632
"2018.3.22","목요일",2429,281408.2,5.2,10.85398457
"2018.3.23","금요일",2435,460709.1,5.36,10.8511613
"2018.3.24","토요일",2543,446962.7,5.48,5.55352908
"2018.3.26","월요일",2585,588713.2,6.82,10.70583474
"2018.3.27","화요일",2555,446711,9.2,5.550705816
"2018.3.28","수요일",2638,484924.2,11.2,1.70147939
"2018.3.29","목요일",2683,416849.6,12.86,5.242217203
"2018.3.30","금요일",2690,585615.1,13.58,0.170570299
"2018.3.31","토요일",2533,613252.5,13.98,1.530909091
"2018.4.2","월요일",2459,829769.8,14.8,0.007408244
"2018.4.3","화요일",2321,583717,15.4,0.045296443
"2018.4.4","수요일",2120,710262.5,14.8,3.926199887
"2018.4.5","목요일",2186,485594.5,13.96,6.756329757
"2018.4.6","금요일",2110,535962.4,12.74,10.32709204
"2018.4.7","토요일",2159,585185.5,10.18,10.40878976
"2018.4.9","월요일",2190,656390.5,8.72,10.41278374
"2018.4.10","화요일",2178,441327.1,9.44,11.0511613
"2018.4.11","수요일",2318,461911.1,10.84,11.44388481
"2018.4.12","목요일",2495,386892.2,11.9,11.39858837
"2018.4.13","금요일",2652,506365.2,13.46,7.563515904
"2018.4.14","토요일",2638,497188.4,13.22,13.97808395
"2018.4.16","월요일",2711,600806,12.38,9.35654809
"2018.4.17","화요일",2764,393210.1,11.8,10.01548278
"2018.4.18","수요일",2752,478058.8,11.8,6.522424242
"2018.4.19","목요일",2799,395520.5,12.26,5.806342932
"2018.4.20","금요일",2873,489822.4,13.9,6.048003011
"2018.4.21","토요일",2772,549076.2,15.48,5.802348955
"2018.4.23","월요일",2778,680790.1,15.2,17.0197252
"2018.4.24","화요일",2636,397481.3,14.88,14.11304348
"2018.4.25","수요일",2583,507446.8,14.46,19.54039149
"2018.4.26","목요일",2701,404840,13.84,14.13130058
"2018.4.27","금요일",2619,557353.5,13.06,14.13130058
"2018.4.28","토요일",2458,641935,14,14.13130058
"2018.4.30","월요일",2392,806431,15.44,14.20479955
"2018.5.1","화요일",2315,529596.4,16.56,14.29920949
"2018.5.2","수요일",2241,659696.8,16.62,5.92717109
"2018.5.3","목요일",2169,485968.8,16.04,15.295607
"2018.5.4","금요일",2063,638909,15.76,6.168055712
"2018.5.5","토요일",1707,737457,15.62,3.684972708
"2018.5.7","월요일",1843,765476.2,15.18,6.114044796
"2018.5.8","화요일",1809,495394.8,15.22,6.555550536
"2018.5.9","수요일",1786,619556.5,15.54,6.485680407
"2018.5.10","목요일",1790,458469,15.68,6.464769433
"2018.5.11","금요일",1812,660904,15.44,3.247886317
"2018.5.12","토요일",1608,627177.5,15.36,9.972181442
"2018.5.14","월요일",1641,761181,16.2,6.993261811
"2018.5.15","화요일",1590,534750.5,17.98,6.733585545
"2018.5.16","수요일",1538,684394.8,19.52,5.927667984
"2018.5.17","목요일",1576,438545,20.7,14.71323546
"2018.5.18","금요일",1521,648795.5,21,16.38993036
"2018.5.19","토요일",1514,740553.5,20.28,15.97086768
"2018.5.21","월요일",1422,1068885.1,19.02,15.96643704
"2018.5.22","화요일",1426,542637.5,17.94,13.65253153
"2018.5.23","수요일",1366,756471.5,17,20.18071899
"2018.5.24","목요일",1368,603265.8,17.28,16.34093356
"2018.5.25","금요일",1357,645368,18.1,14.70192735
"2018.5.26","토요일",1351,656046,18.86,9.579898363
"2018.5.28","월요일",1372,867067.5,19.44,11.17388293
"2018.5.29","화요일",1401,542275.5,20.1,8.314635799
"2018.5.30","수요일",1348,784234,20.46,5.03747412
"2018.5.31","목요일",1370,591223,20.44,3.493581781
"2018.6.1","금요일",1273,771552.5,20.86,2.329456051
"2018.6.2","토요일",1217,789317,21.4,3.493581781
"2018.6.4","월요일",1183,975635,21.58,0.803263693
"2018.6.5","화요일",1143,672280.2,21.76,1.130641822
"2018.6.6","수요일",1134,753216,22.3,0.99953322
"2018.6.7","목요일",1128,639709.4,22.52,0.875607002
"2018.6.8","금요일",1109,798490.4,22.38,0.593593074
"2018.6.9","토요일",1059,745701.2,22.16,0.984968944
"2018.6.11","월요일",1027,1024884,21.54,1.844728026
"2018.6.12","화요일",1045,651463.4,20.96,2.030890269
"2018.6.13","수요일",1018,744821,20.4,2.033058536
"2018.6.14","목요일",1049,566640,20.02,1.976160361
"2018.6.15","금요일",1057,623925,19.76,2.461426689
"2018.6.16","토요일",1089,573685,20,2.121754188
"2018.6.18","월요일",1096,748219.6,20.76,2.121754188
"2018.6.19","화요일",1183,400436,20.94,2.659375118
"2018.6.20","수요일",1236,453541,21.34,1.666930171
"2018.6.21","목요일",1319,407674,21.98,2.478467909
"2018.6.22","금요일",1324,544229,22.8,1.412042161
"2018.6.23","토요일",1267,546557,22.94,0.954180312
"2018.6.25","월요일",1171,822378.8,23.76,1.083715415
"2018.6.26","화요일",1102,502817,23.94,8.764984002
"2018.6.27","수요일",1058,497384.6,24.2,14.53677772
"2018.6.28","목요일",1047,496716,24.04,23.09206098
"2018.6.29","금요일",1091,727853.8,24.08,24.45521927
"2018.6.30","토요일",915,631822,23.64,26.37595709
"2018.7.2","월요일",855,718466,23.66,35.91444005
"2018.7.3","화요일",879,530902.2,23.74,37.95033315
"2018.7.4","수요일",860,565915.5,24.26,40.66836815
"2018.7.5","목요일",878,510794.1,24.14,35.74954263
"2018.7.6","금요일",870,503393,23.86,39.20244306
"2018.7.7","토요일",865,555467,23.42,28.09690947
"2018.7.9","월요일",909,682077.6,22.5,33.80209674
"2018.7.10","화요일",958,410420,22.18,23.32789008
"2018.7.11","수요일",1093,396890,22.68,17.45082628
"2018.7.12","목요일",1185,294322,23.8,22.25674007
"2018.7.13","금요일",1345,303103,25.1,12.03848297
"2018.7.14","토요일",1465,297771,26.64,9.813992095
"2018.7.16","월요일",1648,378080,27.48,8.4432524
"2018.7.17","화요일",1880,255180,27.88,6.963621306
"2018.7.18","수요일",2060,332318.5,27.96,2.685266328
"2018.7.19","목요일",2145,304020.2,28.02,4.407001694
"2018.7.20","금요일",1891,372737,28.18,1.008842462
"2018.7.21","토요일",1523,417772,28.4,1.549952946
"2018.7.23","월요일",1452,548905.2,28.7,0.011974402
"2018.7.24","화요일",1361,389682,29.08,0.007886317
"2018.7.25","수요일",1302,449324,29.4,0.006523621
"2018.7.26","목요일",1243,425789.4,29.64,0.00801054
"2018.7.27","금요일",1115,462211.1,29.78,0.02978355
"2018.7.28","토요일",923,568520,29.64,0.679992471
"2018.7.30","월요일",845,699591,29.5,0.836999812
"2018.7.31","화요일",784,560814.2,29.4,0.831838886
"2018.8.1","수요일",717,555971,29.42,0.836999812
"2018.8.2","목요일",771,447750.8,29.46,0.831838886
"2018.8.3","금요일",842,456214,29.7,0.869802372
"2018.8.4","토요일",933,122356,29.96,0.870581592
"2018.8.6","월요일",944,600305.4,29.94,9.834534161
"2018.8.7","화요일",1010,409060,29.66,9.466907585
"2018.8.8","수요일",1241,404639,29.38,10.45179371
"2018.8.9","목요일",1390,408567.4,29.06,10.89503858
"2018.8.10","금요일",1429,437693.8,28.54,12.07531338
"2018.8.11","토요일",1358,474397.6,28.26,12.25683042
"2018.8.13","월요일",1221,846045,28.48,12.5666629
"2018.8.14","화요일",1190,553163.2,28.7,12.62279315
"2018.8.15","수요일",1141,518470.6,28.88,4.446723132
"2018.8.16","목요일",1156,460013.4,28.76,14.47489554
"2018.8.17","금요일",1173,478682.4,28.24,5.269689441
"2018.8.18","토요일",1184,521469,27.14,4.583041596
"2018.8.20","월요일",1171,712058.6,26.44,3.668748353
"2018.8.21","화요일",1138,498228.6,25.92,4.299356296
"2018.8.22","수요일",1213,417884.8,26.28,2.929584039
"2018.8.23","목요일",1332,361508,26.68,9.180297384
"2018.8.24","금요일",1549,304700.2,26.96,14.70377941
"2018.8.25","토요일",1673,331848.6,26.58,14.42957275
"2018.8.27","월요일",1683,534181.4,25.92,25.48231884
"2018.8.28","화요일",1821,351467.6,25.16,31.50567288
"2018.8.29","수요일",1815,338208.6,24.96,39.94875212
"2018.8.30","목요일",1985,261441,25.1,43.05946546
"2018.8.31","금요일",2094,309916.6,24.94,49.46543572
"2018.9.1","토요일",2153,296305.5,24.9,45.06727649
"2018.9.3","월요일",2299,360680.2,24.64,52.47890457
"2018.9.4","화요일",2531,230637,24.16,58.00663655
"2018.9.5","수요일",3245,234581.8,23.56,40.92627517
"2018.9.6","목요일",3587,174632.5,23.34,44.26429513
"2018.9.7","금요일",4751,201930.6,22.94,33.49013363
"2018.9.8","토요일",3759,245091.6,22.08,31.13047619
"2018.9.10","월요일",3740,275978.4,21.46,20.13083004
"2018.9.11","화요일",3825,195990.1,20.72,20.75199322
"2018.9.12","수요일",4219,172275.6,20.4,8.485296443
"2018.9.13","목요일",4339,140280.4,20.32,10.51968003
"2018.9.14","금요일",4911,171615,20.74,9.488718238
"2018.9.15","토요일",4176,210912.5,21.02,4.553254282
"2018.9.17","월요일",4518,252072.7,21.48,3.834767551
"2018.9.18","화요일",3898,206896.2,21.48,4.574436288
"2018.9.19","수요일",4031,186768.6,21.42,4.012444946
"2018.9.20","목요일",3826,184274.2,21.04,7.526568794
"2018.9.21","금요일",3643,247516.5,20.5,13.5231997
"2018.9.22","토요일",2633,255163.4,20.18,12.56490871
"2018.9.27","목요일",2955,279154.6,19.42,11.67893092
"2018.9.28","금요일",2820,335733.2,18.68,12.0846038
"2018.9.29","토요일",2889,263811,18.46,10.92077922
"2018.10.1","월요일",3098,281388,17.8,10.71774139
"2018.10.2","화요일",3103,180321.4,16.84,10.18449464
"2018.10.3","수요일",3482,160135.4,16.5,7.259002447
"2018.10.4","목요일",3626,151358.2,16.74,4.272045925
"2018.10.5","금요일",3842,180798.2,16.52,20.05777527
"2018.10.6","토요일",3677,158624.6,17.08,33.87613401
"2018.10.8","월요일",3778,236262.4,16.88,33.78627517
"2018.10.9","화요일",3736,222480.8,16.74,33.48402409
"2018.10.10","수요일",3661,217145,15.9,33.91915679
"2018.10.11","목요일",3647,192109,14.54,33.86788632
"2018.10.12","금요일",3683,237685.2,12.86,33.60871447
"2018.10.13","토요일",3283,211480,12.32,33.44141916
"2018.10.15","월요일",3495,236101.1,12.16,20.3769584
"2018.10.16","화요일",3448,179899.8,11.98,13.83681159
"2018.10.17","수요일",3528,183407.8,12.32,21.33865236
"2018.10.18","목요일",3506,135352.8,12.56,3.77985319
"2018.10.19","금요일",3748,215658.2,12.62,3.411240354
"2018.10.20","토요일",3456,177769.6,12.12,3.793660832
"2018.10.22","월요일",3551,260988.6,12.08,3.40629776
"2018.10.23","화요일",3168,197343.6,12.24,3.72133258
"2018.10.24","수요일",3333,203797.2,12.36,3.72133258
"2018.10.25","목요일",2960,189297.4,12.4,3.512324487
"2018.10.26","금요일",3163,227874.8,12.56,4.243346509
"2018.10.27","토요일",2750,246273,12.12,2.77599473
"2018.10.29","월요일",2497,282778.8,11.44,4.167652927
"2018.10.30","화요일",2317,200025.8,10.5,1.919830604
"2018.10.31","수요일",2480,204381.8,9.6,1.911778656
"2018.11.1","목요일",2272,191075.8,8.68,1.598614719
"2018.11.2","금요일",2368,210455.6,8.36,1.911778656
"2018.11.3","토요일",2091,224945.6,8.34,1.596743836
"2018.11.5","월요일",2383,217149.2,8.98,0.15474873
"2018.11.6","화요일",2040,234317.6,9.78,1.710969321
"2018.11.7","수요일",2187,169901.6,10.8,4.003967627
"2018.11.8","목요일",2170,152628.8,11.8,12.21777527
"2018.11.9","금요일",2392,173270.6,12.34,12.28952005
"2018.11.10","토요일",2169,164587,12.38,12.29850932
"2018.11.12","월요일",2475,208618.8,11.88,12.55724826
"2018.11.13","화요일",2451,208111.2,11.08,12.87859213
"2018.11.14","수요일",2569,175235.2,9.98,13.08707698
"2018.11.15","목요일",2564,170888.4,9.24,12.8895464
"2018.11.16","금요일",2770,198461.6,8.86,9.620557124
"2018.11.17","토요일",2368,207343,8.48,4.908887634
"2018.11.19","월요일",2489,214002.6,8.16,9.283489554
"2018.11.20","화요일",2383,162253.4,7.68,1.204283832
"2018.11.21","수요일",2303,175800,7.18,0.973480143
"2018.11.22","목요일",2324,127752,6.2,0.917139093
"2018.11.23","금요일",2273,213299.6,5.18,0.763632599
"2018.11.24","토요일",2115,146640,4.48,1.630754752
"2018.11.26","월요일",2284,225941.1,4.44,1.173551666
"2018.11.27","화요일",2194,157194.8,4.76,1.418885752
"2018.11.28","수요일",2294,175077.2,5.12,1.173551666
"2018.11.29","목요일",2138,144941.8,5.66,1.157635987
"2018.11.30","금요일",2227,215790.6,5.94,0.992512705
"2018.12.1","토요일",2122,137715,5.84,1.157635987
"2018.12.3","월요일",2177,221805.4,6.7,2.987095803
"2018.12.4","화요일",2102,163362.6,7.56,4.735814041
"2018.12.5","수요일",2210,172606,7.34,5.723515904
"2018.12.6","목요일",2193,137983.6,7.12,5.399213251
"2018.12.7","금요일",2178,195994,5.44,5.40792396
"2018.12.8","토요일",2006,149113.6,2.02,5.42537173
"2018.12.10","월요일",2124,228744.8,-0.4,5.42537173
"2018.12.11","화요일",2119,167798.2,-1.12,5.814805195
"2018.12.12","수요일",2148,145281.2,-2.02,3.808225108
"2018.12.13","목요일",2181,137874.8,-1.48,3.157797854
"2018.12.14","금요일",2181,188149.8,-0.96,3.871661961
"2018.12.15","토요일",2153,145718.5,-0.96,0.495539243
"2018.12.17","월요일",2333,185456.6,-0.38,1.148725767
"2018.12.18","화요일",2274,197730.6,0.22,0.48484472
"2018.12.19","수요일",2233,148023.1,1.3,0.498196876
"2018.12.20","목요일",2357,117982,2.62,0.134613213
"2018.12.21","금요일",2362,213912.6,4.02,0.523779409
"2018.12.22","토요일",2293,128427,4.72,0.077395069
"2018.12.24","월요일",2338,234811.4,4.16,0.148552607
"2018.12.25","화요일",2279,181339.2,3.22,0.0771278
"2018.12.26","수요일",2234,137357,2.88,0.075637117
"2018.12.27","목요일",2181,155114.6,0.9,0.090378317
"2018.12.28","금요일",1888,245451.2,-1.84,0.101272351
"2018.12.29","토요일",1880,153977.6,-2.8,0.071914173
"2018.12.31","월요일",1929,240068.6,-3.52,0.110329381
"2019.1.2","수요일",2081,21914,-4.52,0.052825146
"2019.1.3","목요일",2116,274158.7,-3.98,0.067031809
"2019.1.4","금요일",1915,249939.2,-2.72,0.057061006
"2019.1.5","토요일",1983,157497.8,-1.66,0.044516465
"2019.1.7","월요일",2061,227949.2,-1.12,0.057766983
"2019.1.8","화요일",1991,163272.2,-0.76,0.013998867
"2019.1.9","수요일",1948,150659,-0.92,0.035459435
"2019.1.10","목요일",2076,155411.8,-0.68,0.017119605
"2019.1.11","금요일",2012,220377.2,-0.3,0.017641396
"2019.1.12","토요일",1748,161625,0.4,0.430938628
"2019.1.14","월요일",2128,215593,0.74,0.426702768
"2019.1.15","화요일",2126,163907.4,1.5,0.44188929
"2019.1.16","수요일",1979,178731.2,0.76,0.440886482
"2019.1.17","목요일",2197,143667.8,0.42,0.441444043
"2019.1.18","금요일",2283,205227.2,-0.02,0.441444043
"2019.1.19","토요일",2236,171365,0.36,0.500332932
"2019.1.21","월요일",2275,229884.4,0.28,0.497573205
"2019.1.22","화요일",2193,155134.6,1.44,0.090734055
"2019.1.23","수요일",2142,159409.2,1.98,0.494452467
"2019.1.24","목요일",2308,119449.2,1.96,0.069498596
"2019.1.25","금요일",2343,210539.8,1.3,0.110240674
"2019.1.26","토요일",2233,167190.8,0.84,0.103545929
"2019.1.28","월요일",2350,239459.4,0.84,0.143365423
"2019.1.29","화요일",2356,152976.8,0.22,0.080092258
"2019.1.30","수요일",2358,165150,0.78,0.138580024
"2019.1.31","목요일",2384,153423,0.92,1.39290012
"2019.2.1","금요일",2510,228769,1.02,1.390465303
"2019.2.2","토요일",2251,180884.8,0.92,1.401103089
"2019.2.4","월요일",2262,125378.2,1.42,1.369490574
"2019.2.7","목요일",2144,4415,1.14,1.704436422
"2019.2.8","금요일",2046,414279,0.68,1.63543923
"2019.2.9","토요일",1967,297061,0.6,1.673000401
"2019.2.11","월요일",2298,333265,0.02,1.631740874
"2019.2.12","화요일",2229,226713.2,-0.46,0.319286001
"2019.2.13","수요일",2370,212541.5,-0.82,1.630477337
"2019.2.14","목요일",2532,165771,-0.3,0.317071801
"2019.2.15","금요일",2528,276142.9,0.44,0.414801444
"2019.2.16","토요일",2635,200831.3,0.54,0.109474529
"2019.2.18","월요일",2716,324907.1,0.96,0.437954272
"2019.2.19","화요일",2536,196488.1,1.48,3.518900923
"2019.2.20","수요일",2684,198721.8,1.92,3.522952266
"2019.2.21","목요일",2970,171064,2.06,3.522775772
"2019.2.22","금요일",2884,280163.9,2.9,3.525599679
"2019.2.23","토요일",2863,249979.5,3.46,3.520697954
"2019.2.25","월요일",3013,363780.1,4.08,3.440942639
"2019.2.26","화요일",2860,237626.5,4.6,3.508355395
"2019.2.27","수요일",2991,296276.1,5.48,3.495202567
"2019.2.28","목요일",3024,209335,6.06,0.125427196
"2019.3.1","금요일",3100,346130,6.26,3.488259126
"2019.3.2","토요일",3075,332398.5,6.44,0.106097072
"2019.3.4","월요일",3212,450093.4,7.12,0.104392298
"2019.3.5","화요일",2941,308901,7.34,0.10351785
"2019.3.6","수요일",3066,347214.8,7.74,0.448146811
"2019.3.7","목요일",3126,272832,7.84,0.666442038
"2019.3.8","금요일",3010,420526.7,7.68,0.582133975
"2019.3.9","토요일",3097,368710,7.5,0.739622944
"2019.3.11","월요일",3320,421384,7.14,0.916550341
"2019.3.12","화요일",3263,355662.4,6.54,1.115535499
"2019.3.13","수요일",3285,359706.5,6.02,1.116297633
"2019.3.14","목요일",3336,265669.7,5.84,1.122872042
"2019.3.15","금요일",3424,380642.8,5.42,1.667312475
"2019.3.16","토요일",3395,367471.6,5.3,1.818399519
"2019.3.18","월요일",3499,472061.1,5.64,1.70599278
"2019.3.19","화요일",3410,334226,7,1.401544324
"2019.3.20","수요일",3420,393045.5,8.24,5.128263137
"2019.3.21","목요일",3436,300320,9.04,5.739767349
"2019.3.22","금요일",3285,460491.8,8.92,5.694544725
"2019.3.23","토요일",3302,434749.5,8.26,5.809173686
"2019.3.25","월요일",3282,609282.1,7.56,4.916044926
"2019.3.26","화요일",3156,424272.5,7.38,5.776209386
"2019.3.27","수요일",3193,442312.5,7.98,4.973261131
"2019.3.28","목요일",3405,334881.5,9.06,5.37358203
"2019.3.29","금요일",3390,482984.8,10.34,1.469265945
"2019.3.30","토요일",3545,479142.3,10.34,5.360188528
"2019.4.1","월요일",3509,660961,9.38,2.116337746
"2019.4.2","화요일",3219,455530,8.16,1.138896911
"2019.4.3","수요일",3154,481102,7.52,1.463963097
"2019.4.4","목요일",3375,360787.5,7.38,1.138896911
"2019.4.5","금요일",3305,497717,8.28,1.068628159
"2019.4.6","토요일",3370,510860.5,9.46,0.998507822
"2019.4.8","월요일",3514,643878.8,10.48,1.347268351
"2019.4.9","화요일",3296,466220.5,10.86,5.348259126
"2019.4.10","수요일",3174,540142.5,10.32,8.201255515
"2019.4.11","목요일",3251,392904.5,9.74,7.554183714
"2019.4.12","금요일",3217,504334,9.56,7.571845166
"2019.4.13","토요일",3220,486220.5,9.52,7.571845166
"2019.4.15","월요일",3090,697508,9.88,7.571845166
"2019.4.16","화요일",3007,423345,11.28,7.291941436
"2019.4.17","수요일",3010,538864.5,12.62,7.694737264
"2019.4.18","목요일",3213,389808.5,13.54,2.347741677
"2019.4.19","금요일",3230,573144.3,13.78,5.211520257
"2019.4.20","토요일",3053,591510.5,14.5,2.364159647
"2019.4.22","월요일",2801,838700.4,15.18,0.139310068
"2019.4.23","화요일",2454,614047.5,15.44,1.407994384
"2019.4.24","수요일",2244,651203.5,15.84,2.801006819
"2019.4.25","목요일",2235,492636,15.98,4.163433614
"2019.4.26","금요일",2222,631840.3,14.92,6.022611312
"2019.4.27","토요일",1985,626191,13.68,6.15732852
"2019.4.29","월요일",2014,800633,12.58,9.55908945
"2019.4.30","화요일",1882,549006,12.04,9.564785399
"2019.5.1","수요일",2041,517597.9,12.42,9.57345367
"2019.5.2","목요일",2225,469413.5,13.74,8.309887686
"2019.5.3","금요일",2226,617690.2,14.8,8.150236663
"2019.5.4","토요일",2364,585534,16.06,6.94746089
"2019.5.6","월요일",2209,851099.5,15.94,4.972619334
"2019.5.7","화요일",2155,551900,15.64,5.580437224
"2019.5.8","수요일",2033,663739,15.58,0.081664661
"2019.5.9","목요일",2094,592664,15.66,3.584003209
"2019.5.10","금요일",1872,798235.5,15.66,0.069839551
"2019.5.11","토요일",1720,740586,16.56,0.055475331
"2019.5.13","월요일",1709,912934.2,17.36,0.060886482
"2019.5.14","화요일",1596,592726.3,18.18,0.066831127
"2019.5.15","수요일",1612,649484,18.82,0.011355796
"2019.5.16","목요일",1548,585971.5,19.58,0.066831127
"2019.5.17","금요일",1487,698462.5,20.14,0.460890493
"2019.5.18","토요일",1405,633477,20.32,4.973686322
"2019.5.20","월요일",1335,966384.6,19.76,5.332543121
"2019.5.21","화요일",1328,666712.5,19.1,5.332543121
"2019.5.22","수요일",1327,713011,18.66,5.32713197
"2019.5.23","목요일",1397,601225,18.58,5.326598476
"2019.5.24","금요일",1335,656524.5,19.4,5.32713197
"2019.5.25","토요일",1339,545038.5,20.66,5.321187325
"2019.5.27","월요일",1315,794175.1,20.98,9.646036903
"2019.5.28","화요일",1403,482576.5,20.7,5.582775772
"2019.5.29","수요일",1438,670436,20.46,9.287180104
"2019.5.30","목요일",1440,592521,19.98,5.152394705
"2019.5.31","금요일",1481,705625,19.04,4.963088648
"2019.6.1","토요일",1493,634546,19.1,4.963088648
"2019.6.3","월요일",1378,946945.5,19.94,4.963088648
"2019.6.4","화요일",1360,587259,20.62,4.963088648
"2019.6.5","수요일",1416,570990,21.1,0.188704372
"2019.6.6","목요일",1431,464944,21.6,9.59569996
"2019.6.7","금요일",1404,569741,21.54,10.93209386
"2019.6.8","토요일",1412,586256,21.16,10.93015243
"2019.6.10","월요일",1307,1020221,20.2,11.78918973
"2019.6.11","화요일",1313,687817,19.38,12.05295628
"2019.6.12","수요일",1232,667350,19.1,11.88340554
"2019.6.13","목요일",1324,548245.5,19.62,11.88340554
"2019.6.14","금요일",1272,581142,19.64,12.45324509
"2019.6.15","토요일",1250,588583.5,20.06,9.105756117
"2019.6.17","월요일",1239,825513,20.56,7.628852788
"2019.6.18","화요일",1238,614593.5,20.88,9.824460489
"2019.6.19","수요일",1195,630099,21.08,3.088704372
"2019.6.20","목요일",1192,555138,21.72,3.96755716
"2019.6.21","금요일",1162,653307,22.2,3.517721621
"2019.6.22","토요일",1034,603513,22.28,3.580778179
"2019.6.24","월요일",1036,824705,22.52,3.035154432
"2019.6.25","화요일",998,559587.5,22.8,2.319871641
"2019.6.26","수요일",979,540917,22.34,8.983465704
"2019.6.27","목요일",977,384571,22.54,8.781155235
"2019.6.28","금요일",963,481717,22.92,9.329354192
"2019.6.29","토요일",943,500661.5,22.74,15.38904132
"2019.7.1","월요일",949,689279,22.66,14.66344966
"2019.7.2","화요일",976,454530,23.12,14.94053751
"2019.7.3","수요일",1022,470880.5,22.98,14.64669475
"2019.7.4","목요일",1075,365410,23.14,14.49448456
"2019.7.5","금요일",1084,398198,23.84,8.522306458
"2019.7.6","토요일",1104,424102,24.22,12.65937826
"2019.7.8","월요일",1106,586964,24.06,8.573080626
"2019.7.9","화요일",1184,428759.5,23.96,0.588487766
"2019.7.10","수요일",1182,440960,23.26,11.98438428
"2019.7.11","목요일",1249,369286,22.68,9.903818692
"2019.7.12","금요일",1221,398132,22.3,9.897464902
"2019.7.13","토요일",1117,465965.2,22.44,10.3624268
"2019.7.15","월요일",1095,537377,22.56,12.62521059
"2019.7.16","화요일",1106,320519,23.14,13.576787
"2019.7.17","수요일",1137,295762,23.58,14.21771761
"2019.7.18","목요일",1192,259161.2,23.8,16.14231849
"2019.7.19","금요일",1219,288076,24.18,13.92171681
"2019.7.20","토요일",1205,290020,24.5,25.69686723
"2019.7.22","월요일",1287,413777,25.14,24.80121941
"2019.7.23","화요일",1342,298040,25.84,20.14530686
"2019.7.24","수요일",1338,337285,26.34,18.39488167
"2019.7.25","목요일",1412,300280,26.62,22.70468111
"2019.7.26","금요일",1330,342890,26.96,26.30258323
"2019.7.27","토요일",1183,381466,26.98,27.59210991
"2019.7.29","월요일",1087,555141,26.96,25.34440032
"2019.7.30","화요일",1022,386254,27.28,15.98932611
"2019.7.31","수요일",982,391912,27.64,25.07389892
"2019.8.1","목요일",962,389452.5,28.02,15.35354994
"2019.8.2","금요일",974,399899,28.36,15.11058163
"2019.8.3","토요일",733,119185,28.46,11.83859607
"2019.8.5","월요일",933,550383,28.54,9.707416767
"2019.8.6","화요일",1027,357518,28.38,10.32478139
"2019.8.7","수요일",1051,322450,28.14,13.19864822
"2019.8.8","목요일",1160,316057,27.9,11.2986803
"2019.8.9","금요일",1176,388380.5,27.9,9.912823907
"2019.8.10","토요일",1046,430980,27.86,10.29671881
"2019.8.12","월요일",1071,534465,27.88,13.61497393
"2019.8.13","화요일",1130,443562,28.14,12.74081027
"2019.8.14","수요일",1130,410304,28.34,12.77045327
"2019.8.15","목요일",1108,350150.5,27.9,19.9959647
"2019.8.16","금요일",1142,374165,27.46,16.29488167
"2019.8.17","토요일",1067,498211,27.16,19.49997994
"2019.8.19","월요일",1062,690498.5,26.48,15.36158845
"2019.8.20","화요일",1069,477318,25.96,14.05748897
"2019.8.21","수요일",1048,410820,25.9,11.77778179
"2019.8.22","목요일",1071,352043.5,25.78,19.73197353
"2019.8.23","금요일",1189,338570,25.48,15.84845969
"2019.8.24","토요일",1169,376712,25.02,7.399298034
"2019.8.26","월요일",1251,530680,24.68,15.04015243
"2019.8.27","화요일",1294,324729,24.06,9.975523466
"2019.8.28","수요일",1443,307722.4,23.66,10.07396711
"2019.8.29","목요일",1591,251770.5,23.2,10.52836743
"2019.8.30","금요일",1720,292202,23.22,8.966462094
"2019.8.31","토요일",1690,293999,22.88,6.215222623
"2019.9.2","월요일",1771,383896,22.66,11.11209386
"2019.9.3","화요일",1869,235912,22.32,9.409450461
"2019.9.4","수요일",1994,209062,22.52,12.67362615
"2019.9.5","목요일",2259,160350,22.78,15.52860409
"2019.9.6","금요일",2740,190228,23.34,19.20265544
"2019.9.7","토요일",2774,242667,24.18,17.65122343
"2019.9.9","월요일",2236,345745,24.7,20.2084637
"2019.9.10","화요일",2107,272793,25.1,23.36679101
"2019.9.11","수요일",1681,394986.8,25.04,24.04129162
"2019.9.12","목요일",1200,182099,24.12,24.65578018
"2019.9.16","월요일",1209,574002,23.44,21.83504212
"2019.9.17","화요일",1237,566200,22.76,16.40840353
"2019.9.18","수요일",1325,464323,21.88,18.53466907
"2019.9.19","목요일",1325,406666,20.94,10.65308865
"2019.9.20","금요일",1484,360181.5,20.64,10.53223024
"2019.9.21","토요일",1384,380161,19.72,14.17342158
"2019.9.23","월요일",1806,259560,19.08,13.65167669
"2019.9.24","화요일",1763,325750,18.44,11.38711994
"2019.9.25","수요일",1926,296518.5,18.28,9.523389491
"2019.9.26","목요일",2358,204064,18.5,8.501869234
"2019.9.27","금요일",2636,240931,19.22,8.797428801
"2019.9.28","토요일",2405,263433,20.1,9.081961492
"2019.9.30","월요일",2586,277312,20.86,9.118965102
"2019.10.1","화요일",2431,235325,21.42,3.139462495
"2019.10.2","수요일",2567,234739,21.52,31.82301243
"2019.10.3","목요일",2722,171849,21.6,31.70089049
"2019.10.4","금요일",3321,228343,21.32,31.57097874
"2019.10.5","토요일",2901,327485,20.76,32.72878059
"2019.10.7","월요일",2686,432018.5,19.58,34.21850782
"2019.10.8","화요일",2360,361989,18.52,34.28221019
"2019.10.9","수요일",2240,314975.5,16.74,34.19746089
"2019.10.10","목요일",2169,296451,15.44,31.6357842
"2019.10.11","금요일",2135,310760,15.22,13.3539992
"2019.10.12","토요일",1904,300604,15.72,23.62075812
"2019.10.14","월요일",2083,422296,15.48,12.61516647
"2019.10.15","화요일",1873,311255,15.52,3.861099077
"2019.10.16","수요일",2079,246475,15.2,3.156550341
"2019.10.17","목요일",1889,262161.4,14.4,3.8062856
"2019.10.18","금요일",2096,254501.8,13.84,2.686718813
"2019.10.19","토요일",1981,257323,14.16,2.69192138
"2019.10.21","월요일",2100,281200.2,14.54,2.684524669
"2019.10.22","화요일",1989,303186.2,15.06,2.681355796
"2019.10.23","수요일",2067,212542.2,15.46,1.100557561
"2019.10.24","목요일",2026,222441,15.9,2.649843562
"2019.10.25","금요일",2200,232179,16.06,1.520653831
"2019.10.26","토요일",2037,238875,15.58,1.159081428
"2019.10.28","월요일",2236,262032,14.68,0.523461693
"2019.10.29","화요일",2068,262214,14.12,1.361901324
"2019.10.30","수요일",2209,201896,12.84,0.693770558
"2019.10.31","목요일",2161,190533,12.06,0.672342559
"2019.11.1","금요일",2346,205327,12.34,0.657376655
"2019.11.2","토요일",2284,187225,12.74,0.348443642
"2019.11.4","월요일",2513,237429,12.58,0.591030886
"2019.11.5","화요일",2360,201643,12.68,0.372663458
"2019.11.6","수요일",2605,161427,12.28,0.213898917
"2019.11.7","목요일",2545,154221,11.56,0.102458885
"2019.11.8","금요일",2618,230660.2,10.44,0.219358203
"2019.11.9","토요일",2418,186151,9.64,0.097127958
"2019.11.11","월요일",2205,308900,9.72,0.313766546
"2019.11.12","화요일",2476,173034,9.38,0.313766546
"2019.11.13","수요일",2732,164591.2,9.02,0.963445648
"2019.11.14","목요일",2657,133867,8.18,1.014023265
"2019.11.15","금요일",2763,181309,7.92,1.71279984
"2019.11.16","토요일",2441,182526,7.6,1.765250702
"2019.11.18","월요일",2491,253584.6,7.44,4.817376655
"2019.11.19","화요일",2537,165812,6.38,4.786867228
"2019.11.20","수요일",2640,156238,6.16,4.61830726
"2019.11.21","목요일",2556,98265,5.74,4.786867228
"2019.11.22","금요일",2581,228614,5.5,3.879073406
"2019.11.23","토요일",2526,142515,5.9,4.564769354
"2019.11.25","월요일",2488,254308.8,6.38,4.575326915
"2019.11.26","화요일",2464,178213,7.44,5.294945848
"2019.11.27","수요일",2517,186279,7.7,2.129951865
"2019.11.28","목요일",2394,133475,6.84,5.949811472
"2019.11.29","금요일",2484,217782,5.38,2.930048135
"2019.11.30","토요일",2286,149704.5,5.26,2.92657842
"2019.12.2","월요일",2518,226268,4.42,2.959053349
"2019.12.3","화요일",2313,160977,3.62,3.053281187
"2019.12.4","수요일",2445,173548,3.48,1.652691536
"2019.12.5","목요일",2492,113003,2.86,3.03253911
"2019.12.6","금요일",2489,197370.5,1.14,1.089085439
"2019.12.7","토요일",2480,126756,0.42,0.751002808
"2019.12.9","월요일",2645,219962,0.52,1.07253911
"2019.12.10","화요일",2476,170093,0.96,0.282278379
"2019.12.11","수요일",2564,174267,2.3,0.318287204
"2019.12.12","목요일",2644,142771,3.28,0.231219414
"2019.12.13","금요일",2631,220830.3,3.58,0.297990373
"2019.12.14","토요일",2508,148524,3.84,0.343886883
"2019.12.16","월요일",2450,263210,3.96,0.317196149
"2019.12.17","화요일",2371,172232.5,4.22,0.812318492
"2019.12.18","수요일",2255,192878.2,4.82,0.987480947
"2019.12.19","목요일",2551,135739,4.96,0.906233454
"2019.12.20","금요일",2346,246531.2,4.34,0.948122744
"2019.12.21","토요일",2237,140801.2,2.98,0.91133574
"2019.12.23","월요일",2512,234788,2.08,0.987521059
"2019.12.24","화요일",2329,195039.5,1.52,0.900982752
"2019.12.25","수요일",2417,135916,1.78,0.986638588
"2019.12.26","목요일",2660,130703.6,2.3,0.640036101
"2019.12.27","금요일",2493,220749.2,2.36,0.961684717
"2019.12.28","토요일",2359,129300,1.68,0.640738067
"2019.12.30","월요일",2479,229364.9,2.3,0.596959487
"2019.12.31","화요일",2360,189713.2,0.84,0.621672684
"2020.1.2","목요일",2208,24946,0.4,0.458054553
"2020.1.3","금요일",2437,290136.1,0.7,0.602948255
"2020.1.4","토요일",2500,131631.4,0.9,0.449943843
"2020.1.6","월요일",2532,211285.3,0.6,2.152424094
"2020.1.7","화요일",2455,155575.4,3.16,12.56837446
"2020.1.8","수요일",2789,126560.1,3.98,14.01289081
"2020.1.9","목요일",2910,85578,3.96,13.85056029
"2020.1.10","금요일",2998,164955.5,3.88,13.9972069
"2020.1.11","토요일",3320,115404,3.56,13.8507418
"2020.1.13","월요일",3419,224164.1,1.84,13.84650908
"2020.1.14","화요일",3462,175483.2,0.68,13.85903335
"2020.1.15","수요일",3270,159865.4,0.12,11.88303926
"2020.1.16","목요일",3204,123709.6,-0.14,3.714482904
"2020.1.17","금요일",2942,226354.5,-0.36,10.35781342
"2020.1.18","토요일",2828,128486.7,-0.16,2.19961165
"2020.1.20","월요일",2796,263189.9,0.42,0.486234698
"2020.1.21","화요일",2793,166236.7,0.74,0.486053187
"2020.1.22","수요일",2866,167177.7,1.44,1.459202195
"2020.1.23","목요일",2305,224703,2.36,1.758839173
"2020.1.24","금요일",2055,85457.5,2.98,2.006483748
"2020.1.27","월요일",1884,370,3.66,5.027965386
"2020.1.28","화요일",2451,193784.7,4.86,5.271612495
"2020.1.29","수요일",2404,289896.9,5.36,5.365234276
"2020.1.30","목요일",2416,162502,5.2,5.907024061
"2020.1.31","금요일",2601,219090.3,4.96,5.646103841
"2020.2.1","토요일",2731,166396.1,4.26,4.660730266
"2020.2.3","월요일",2731,258996.7,3.24,5.342119038
"2020.2.4","화요일",2836,197995.9,2.18,4.487467286
"2020.2.5","수요일",2825,174403.8,0.6,1.40826087
"2020.2.6","목요일",2884,127856.7,-0.84,3.764444913
"2020.2.7","금요일",2894,239590.1,-1.36,0.993001266
"2020.2.8","토요일",2895,161032,-1.36,0.322313212
"2020.2.10","월요일",2931,285919.3,-0.64,0.610270156
"2020.2.11","화요일",2906,219998,1.16,0.171295905
"2020.2.12","수요일",3059,191217.6,3.52,2.898674546
"2020.2.13","목요일",3102,140818.9,5.2,2.854820599
"2020.2.14","금요일",3165,262181.1,6.5,2.908488814
"2020.2.15","토요일",3186,216492.5,7.64,3.191414099
"2020.2.17","월요일",3155,350099.2,5.96,3.476977628
"2020.2.18","화요일",2912,220177.1,4.1,3.425643732
"2020.2.19","수요일",3087,259571.4,2.92,3.483693542
"2020.2.20","목요일",2935,200319.8,2.3,3.404356268
"2020.2.21","금요일",3089,300564.1,1.78,1.076395103
"2020.2.22","토요일",2946,262652.5,3.62,4.177729
"2020.2.24","월요일",3097,404141.9,5.34,1.521929084
"2020.2.25","화요일",3079,245943.2,6.38,7.574626425
"2020.2.26","수요일",3168,255336.8,6.82,8.234934572
"2020.2.27","목요일",3277,214217.1,6.48,8.23812157
"2020.2.28","금요일",3401,291060.1,6.08,8.55478683
"2020.2.29","토요일",3394,257691.5,6,8.577530604
"2020.3.2","월요일",3445,347321.9,5.56,8.234968341
"2020.3.3","화요일",3517,233623.9,5.36,8.215208949
"2020.3.4","수요일",3667,240711,5.16,8.191891093
"2020.3.5","목요일",3847,202146.4,4.76,1.421865766
"2020.3.6","금요일",3721,321416.5,4.18,7.163959477
"2020.3.7","토요일",3832,257813.3,4.2,1.700021106
"2020.3.9","월요일",3781,395589.3,4.74,1.300371465
"2020.3.10","화요일",3816,259948.7,5.38,4.201506965
"2020.3.11","수요일",3922,268085.8,5.86,3.583043478
"2020.3.12","목요일",3974,206617.4,6.44,3.591143943
"2020.3.13","금요일",4136,323383.4,6.78,3.548205994
"2020.3.14","토요일",4015,293149.8,6.04,3.552532714
"2020.3.16","월요일",3916,492300.4,5.42,3.652148586
"2020.3.17","화요일",3725,316239.3,5.94,3.299687632
"2020.3.18","수요일",3721,324519.7,6.54,2.918894048
"2020.3.19","목요일",4009,284101.7,7.06,0.968978472
"2020.3.20","금요일",3568,413685.1,7.92,2.579852258
"2020.3.21","토요일",3626,361281.8,9.7,0.368834951
"2020.3.23","월요일",3463,580112.1,10.18,0.363875053
"2020.3.24","화요일",3476,358316.8,10.14,0.368834951
"2020.3.25","수요일",3519,395979.2,10.54,0.255605741
"2020.3.26","목요일",3348,350237.4,11.34,1.970434783
"2020.3.27","금요일",3399,436484.3,11,3.349864922
"2020.3.28","토요일",3462,361772.5,10.48,3.272743774
"2020.3.30","월요일",3432,558161.3,10.6,3.322460954
"2020.3.31","화요일",3528,351364.4,10.5,3.104060785
"2020.4.1","수요일",3385,377426.7,9.98,3.507564373
"2020.4.2","목요일",3623,299734.9,9.56,3.33815534
"2020.4.3","금요일",3536,433729.2,10.24,3.337973829
"2020.4.4","토요일",3713,407770,10.04,1.695479105
"2020.4.6","월요일",3651,589012.3,9.62,1.886390882
"2020.4.7","화요일",3685,380802.3,9.82,1.716998734
"2020.4.8","수요일",3579,477656,9.9,0.331675813
"2020.4.9","목요일",3638,347241,9.56,0.32205572
"2020.4.10","금요일",3424,547016.9,9.66,0.091329675
"2020.4.11","토요일",3296,497421.9,9.62,0.869506121
"2020.4.13","월요일",3359,675460,9.14,0.656036302
"2020.4.14","화요일",3283,387434,9.56,0.656036302
"2020.4.15","수요일",3116,392853.2,10.24,0.656036302
"2020.4.16","목요일",3193,322586.8,10.96,0.625441114
"2020.4.17","금요일",3281,312278,11.52,3.565382018
"2020.4.18","토요일",3508,369013,12.12,3.855145631
"2020.4.20","월요일",3416,592966.5,12,3.998843394
"2020.4.21","화요일",3262,362841.9,11.36,3.457813423
"2020.4.22","수요일",3368,432557.1,10.2,3.979354158
"2020.4.23","목요일",3223,383215.5,9.58,3.455170958
"2020.4.24","금요일",3131,537526.2,9.14,3.434546222
"2020.4.25","토요일",3044,513366,9.68,3.453668214
"2020.4.27","월요일",2985,783304,10.14,0.528923596
"2020.4.28","화요일",2931,499729,11.26,3.232642465
"2020.4.29","수요일",2785,583281.2,12.54,0.325217391
"2020.4.30","목요일",2782,446765,13.94,0.264795272
"2020.5.1","금요일",2451,633195.4,15.34,0.062224567
"2020.5.2","토요일",2317,518968,17.2,0.183748417
"2020.5.4","월요일",1958,935597.8,18.44,0.187572816
"2020.5.5","화요일",1651,663772.2,18.56,0.473887716
"2020.5.6","수요일",1633,714376.9,18.7,0.451042634
"2020.5.7","목요일",1555,583102.5,17.9,0.473887716
"2020.5.8","금요일",1572,433670.6,17.22,1.328763191
"2020.5.9","토요일",1430,683937.1,16.56,9.484664415
"2020.5.11","월요일",1469,903940.8,17.1,9.52847615
"2020.5.12","화요일",1419,670009.6,16.82,9.499214859
"2020.5.13","수요일",1469,642106.3,16.66,9.61804981
"2020.5.14","목요일",1573,493390.7,16.96,9.193777965
"2020.5.15","금요일",1565,642586.6,17,13.6888645
"2020.5.16","토요일",1596,482549,16.86,13.50409455
"2020.5.18","월요일",1621,507615,17.2,17.54951034
"2020.5.19","화요일",1659,452344.4,16.66,13.92771634
"2020.5.20","수요일",1745,392640.9,15.68,21.36860279
"2020.5.21","목요일",1979,296558.4,15.58,13.16311524
"2020.5.22","금요일",1917,588140.9,15.46,13.33597721
"2020.5.23","토요일",1946,529347.4,15.5,13.26014774
"2020.5.25","월요일",1946,781294.4,16.36,9.066855213
"2020.5.26","화요일",1889,558739.9,17.26,13.28043056
"2020.5.27","수요일",1896,549723.6,17.84,4.270523428
"2020.5.28","목요일",1906,438000.4,18.1,5.462498945
"2020.5.29","금요일",1851,619940.9,18.32,3.931865766
"2020.5.30","토요일",1731,528540,18.84,0.531688476
"2020.6.1","월요일",1656,879290.1,19.32,0.253005488
"2020.6.2","화요일",1656,550211.5,19.52,0.46010553
"2020.6.3","수요일",1585,666564.7,20.28,0.407577037
"2020.6.4","목요일",1564,544947.7,21.18,0.252828198
"2020.6.5","금요일",1504,721310.7,21.72,0.396483748
"2020.6.6","토요일",1418,608453.4,21.96,0.526120726
"2020.6.8","월요일",1376,1013151.2,22.92,0.528611228
"2020.6.9","화요일",1316,668352.8,23.64,0.509514563
"2020.6.10","수요일",1276,460653.5,23.86,3.571853103
"2020.6.11","목요일",1237,653371.4,24.14,5.235234276
"2020.6.12","금요일",1164,813197.2,24.44,7.31478683
"2020.6.13","토요일",990,804413,24.4,11.47744196
"2020.6.15","월요일",1002,683737.9,23.9,11.4194428
"2020.6.16","화요일",964,735671.7,23.48,11.15136767
"2020.6.17","수요일",1008,684187.2,23.02,11.71039679
"2020.6.18","목요일",1012,539393.7,22.3,15.77058252
"2020.6.19","금요일",1085,477236.1,21.88,12.94945969
"2020.6.20","토요일",1120,354990.1,21.74,14.38509076
"2020.6.22","월요일",1194,409964.7,22.02,10.86820599
"2020.6.23","화요일",1326,360588.7,22.48,7.049873364
"2020.6.24","수요일",1530,411112.5,22.9,14.24993246
"2020.6.25","목요일",1863,304602.5,22.84,10.96281553
"2020.6.26","금요일",1888,438896.2,22.92,10.74926129
"2020.6.27","토요일",1690,532877,22.74,6.854039679
"2020.6.29","월요일",1531,739328.5,22.16,18.48791895
"2020.6.30","화요일",1485,261761.5,21.92,24.79850148
"2020.7.1","수요일",1470,431411.5,21.72,24.93092444
"2020.7.2","목요일",1489,295112.5,21.62,24.96060785
"2020.7.3","금요일",1492,455844.2,21.14,21.00212326
"2020.7.4","토요일",1541,295699.7,21.02,25.25988181
"2020.7.6","월요일",1515,581157.1,21.48,21.84875053
"2020.7.7","화요일",1575,319019.2,22.14,20.99376108
"2020.7.8","수요일",1621,380178.7,22.48,13.16493879
"2020.7.9","목요일",1711,202503.4,23.12,10.71299282
"2020.7.10","금요일",1728,339225.2,23.64,20.37067961
"2020.7.11","토요일",1884,256599,23.82,10.96122415
"2020.7.13","월요일",1679,441704.3,22.88,27.95478683
"2020.7.14","화요일",1757,300867.2,21.98,31.87013508
"2020.7.15","수요일",1779,361316.5,21.14,30.6692824
"2020.7.16","목요일",1865,293766.5,20.82,31.46962854
"2020.7.17","금요일",1978,306560,20.62,30.89450823
"2020.7.18","토요일",2140,198479,21.32,30.80169692
"2020.7.20","월요일",2127,334514.6,22.42,25.14040523
"2020.7.21","화요일",2432,190664.7,23.38,32.88264669
"2020.7.22","수요일",2560,172682.2,23.52,12.44210637
"2020.7.23","목요일",2852,196878.2,23.26,42.13219502
"2020.7.24","금요일",2921,240825.5,22.96,33.20471507
"2020.7.25","토요일",2838,274089.5,22.4,33.38434783
"2020.7.27","월요일",2686,438452,21.98,35.17880118
"2020.7.28","화요일",2778,255523.5,22.1,37.78507809
"2020.7.29","수요일",2591,239068.5,22.52,43.71056142
"2020.7.30","목요일",2482,245685,23.12,51.58389616
"2020.7.31","금요일",2611,316323.5,23.84,46.46934149
"2020.8.1","토요일",2091,101352.5,24.48,38.65160827
"2020.8.3","월요일",2120,541079,25.06,47.769561
"2020.8.4","화요일",1926,329375,25.7,42.85878008
"2020.8.5","수요일",1896,324546,26.14,41.82184466
"2020.8.6","목요일",1827,290616.5,26.06,46.00699873
"2020.8.7","금요일",1837,322519,25.64,47.20342339
"2020.8.8","토요일",1712,369227.5,25.16,58.24000844
"2020.8.10","월요일",1724,475747.9,24.92,63.74650063
"2020.8.11","화요일",1654,361007,24.78,62.97942592
"2020.8.12","수요일",1766,228843,25.08,59.27226678
"2020.8.13","목요일",1826,320832,25.92,58.06744196
"2020.8.14","금요일",1879,334093.5,26.8,50.88159139
"2020.8.15","토요일",1801,383660.1,27.22,47.23343605
"2020.8.17","월요일",1797,483255,27.6,40.24859856
"2020.8.18","화요일",1707,392897,27.72,27.78555931
"2020.8.19","수요일",1695,403911,27.6,26.13408189
"2020.8.20","목요일",1722,363064,27.38,11.3009962
"2020.8.21","금요일",1847,353664,27.04,12.32642043
"2020.8.22","토요일",1899,401139,26.6,7.724453356
"2020.8.24","월요일",1940,546412,26.42,6.308467708
"2020.8.25","화요일",1998,388199,26.56,3.823959477
"2020.8.26","수요일",2053,375508,26.7,10.45040946
"2020.8.27","목요일",2268,280612,26.96,9.689831152
"2020.8.28","금요일",2664,240920,27.3,13.42342761
"2020.8.29","토요일",3140,333618,27.32,16.58482482
"2020.8.31","월요일",2970,430335.5,26.82,16.77333052
"2020.9.1","화요일",3155,314110,26.34,14.77527227
"2020.9.2","수요일",3055,333594,25.76,31.51688476
"2020.9.3","목요일",3113,289658,25.1,40.79915154
"2020.9.4","금요일",3360,253417,24.28,36.81468552
"2020.9.5","토요일",3246,374089.5,23.26,39.36292528
"2020.9.7","월요일",3186,300524,22.3,52.36190798
"2020.9.8","화요일",3249,200435,22.06,50.76951878
"2020.9.9","수요일",3410,224589.5,21.62,52.10582524
"2020.9.10","목요일",3588,203119,21.5,49.07819333
"2020.9.11","금요일",3811,223810,21.58,35.95401435
"2020.9.12","토요일",3964,231096.4,21.42,41.41550865
"2020.9.14","월요일",4359,229464.9,20.92,38.78408611
"2020.9.15","화요일",4781,152758,20.94,26.14763191
"2020.9.16","수요일",5450,162348.5,20.78,8.901988181
"2020.9.17","목요일",7348,129235,20.7,27.20974251
"2020.9.18","금요일",7068,158722.5,20.62,6.628910933
"2020.9.19","토요일",6299,169781,20.22,8.805576192
"2020.9.21","월요일",6004,228581,19.28,4.976542845
"2020.9.22","화요일",5536,108182,18.56,3.378729422
"2020.9.23","수요일",5529,88460,18.08,4.970616294
"2020.9.24","목요일",5587,142487,18.06,2.316331786
"2020.9.25","금요일",5596,152575.5,18.12,2.488417054
"2020.9.26","토요일",5262,176807,18.42,3.35
"2020.9.28","월요일",5024,285116.5,18.38,2.767370198
